[2026-02-21 09:52:53] [[32mINFO[0m] [ims] [info:106] Starting database seeding...
[2026-02-21 09:52:54] [[32mINFO[0m] [ims] [info:106] Database tables created
[2026-02-21 09:52:54] [[32mINFO[0m] [ims] [info:106] Creating roles...
[2026-02-21 09:52:54] [[32mINFO[0m] [ims] [info:106] Created role: admin
[2026-02-21 09:52:54] [[32mINFO[0m] [ims] [info:106] Created role: teacher
[2026-02-21 09:52:54] [[32mINFO[0m] [ims] [info:106] Created role: parent
[2026-02-21 09:52:54] [[32mINFO[0m] [ims] [info:106] Created role: student
[2026-02-21 09:52:54] [[32mINFO[0m] [ims] [info:106] Created role: transport
[2026-02-21 09:52:54] [[32mINFO[0m] [ims] [info:106] Created role: driver
[2026-02-21 09:52:54] [[32mINFO[0m] [ims] [info:106] Creating demo users...
[2026-02-21 09:52:54] [[32mINFO[0m] [ims] [info:106] Created user: admin@myuser.com with roles: admin
[2026-02-21 09:52:55] [[32mINFO[0m] [ims] [info:106] Created user: teacher@myuser.com with roles: teacher
[2026-02-21 09:52:55] [[32mINFO[0m] [ims] [info:106] Created user: parent@myuser.com with roles: parent
[2026-02-21 09:52:55] [[32mINFO[0m] [ims] [info:106] Created user: student@myuser.com with roles: student
[2026-02-21 09:52:56] [[32mINFO[0m] [ims] [info:106] Created user: transport@myuser.com with roles: transport
[2026-02-21 09:52:56] [[32mINFO[0m] [ims] [info:106] Created user: driver@myuser.com with roles: driver
[2026-02-21 09:52:56] [[32mINFO[0m] [ims] [info:106] Created user: john@myuser.com with roles: parent, teacher
[2026-02-21 09:52:57] [[32mINFO[0m] [ims] [info:106] Created user: maria@myuser.com with roles: parent, teacher
[2026-02-21 09:52:57] [[32mINFO[0m] [ims] [info:106] Database seeding completed successfully!
[2026-02-21 10:35:12] [[32mINFO[0m] [ims] [info:106] Starting IMS Backend...
[2026-02-21 10:35:12] [[32mINFO[0m] [ims] [info:106] Environment: Development
[2026-02-21 10:35:13] [[32mINFO[0m] [ims] [info:106] Database initialized successfully
[2026-02-21 10:35:33] [[32mINFO[0m] [ims] [info:106] POST /api/v1/auth/login
[2026-02-21 10:35:33] [[32mINFO[0m] [ims] [info:106] Login request received for email: admin@myuser.com
[2026-02-21 10:35:33] [[32mINFO[0m] [ims] [info:106] Login attempt for email: admin@myuser.com
[2026-02-21 10:35:34] [[32mINFO[0m] [ims] [info:106] Login successful: admin@myuser.com (roles: admin)
[2026-02-21 10:35:34] [[32mINFO[0m] [ims] [info:106] Login successful for user: admin@myuser.com
[2026-02-21 10:35:34] [[32mINFO[0m] [ims] [info:106] POST /api/v1/auth/login - 200
[2026-02-21 10:35:34] [[32mINFO[0m] [ims] [info:106] GET /api/v1/dashboard/stats
[2026-02-21 10:35:34] [[32mINFO[0m] [ims] [info:106] GET /api/v1/dashboard/stats - 200
[2026-03-09 13:20:42] [[32mINFO[0m] [ims] [info:106] Starting IMS Backend...
[2026-03-09 13:20:42] [[32mINFO[0m] [ims] [info:106] Environment: Development
[2026-03-09 13:20:43] [[32mINFO[0m] [ims] [info:106] Database initialized successfully
[2026-03-09 13:20:43] [[32mINFO[0m] [ims] [info:106] Shutting down IMS Backend...
[2026-03-09 13:20:43] [[32mINFO[0m] [ims] [info:106] Database connections closed
[2026-03-09 13:20:45] [[32mINFO[0m] [ims] [info:106] Starting IMS Backend...
[2026-03-09 13:20:45] [[32mINFO[0m] [ims] [info:106] Environment: Development
[2026-03-09 13:20:46] [[32mINFO[0m] [ims] [info:106] Database initialized successfully
[2026-03-09 13:21:02] [[32mINFO[0m] [ims] [info:106] GET /docs
[2026-03-09 13:21:02] [[32mINFO[0m] [ims] [info:106] GET /docs - 200
[2026-03-09 13:21:03] [[32mINFO[0m] [ims] [info:106] GET /openapi.json
[2026-03-09 13:21:03] [[32mINFO[0m] [ims] [info:106] GET /openapi.json - 200
[2026-03-09 13:23:15] [[32mINFO[0m] [ims] [info:106] GET /api/v1/users
[2026-03-09 13:23:16] [[31mERROR[0m] [ims] [error:116] Unexpected exception: (sqlite3.OperationalError) no such table: users
[SQL: SELECT count(*) AS count_1 
FROM (SELECT users.id AS id, users.email AS email, users.password_hash AS password_hash, users.name AS name, users.is_active AS is_active, users.created_at AS created_at, users.updated_at AS updated_at 
FROM users) AS anon_1]
(Background on this error at: https://sqlalche.me/e/20/e3q8)
Traceback (most recent call last):
  File "C:\IMS\venv\Lib\site-packages\sqlalchemy\engine\base.py", line 1967, in _exec_single_context
    self.dialect.do_execute(
  File "C:\IMS\venv\Lib\site-packages\sqlalchemy\engine\default.py", line 952, in do_execute
    cursor.execute(statement, parameters)
  File "C:\IMS\venv\Lib\site-packages\sqlalchemy\dialects\sqlite\aiosqlite.py", line 182, in execute
    self._adapt_connection._handle_exception(error)
  File "C:\IMS\venv\Lib\site-packages\sqlalchemy\dialects\sqlite\aiosqlite.py", line 342, in _handle_exception
    raise error
  File "C:\IMS\venv\Lib\site-packages\sqlalchemy\dialects\sqlite\aiosqlite.py", line 164, in execute
    self.await_(_cursor.execute(operation, parameters))
  File "C:\IMS\venv\Lib\site-packages\sqlalchemy\util\_concurrency_py3k.py", line 132, in await_only
    return current.parent.switch(awaitable)  # type: ignore[no-any-return,attr-defined] # noqa: E501
           ^^^^^^^^^^^^^^^^^^^^^^^^^^^^^^^^
  File "C:\IMS\venv\Lib\site-packages\sqlalchemy\util\_concurrency_py3k.py", line 196, in greenlet_spawn
    value = await result
            ^^^^^^^^^^^^
  File "C:\IMS\venv\Lib\site-packages\aiosqlite\cursor.py", line 40, in execute
    await self._execute(self._cursor.execute, sql, parameters)
  File "C:\IMS\venv\Lib\site-packages\aiosqlite\cursor.py", line 32, in _execute
    return await self._conn._execute(fn, *args, **kwargs)
           ^^^^^^^^^^^^^^^^^^^^^^^^^^^^^^^^^^^^^^^^^^^^^^
  File "C:\IMS\venv\Lib\site-packages\aiosqlite\core.py", line 160, in _execute
    return await future
           ^^^^^^^^^^^^
  File "C:\IMS\venv\Lib\site-packages\aiosqlite\core.py", line 63, in _connection_worker_thread
    result = function()
             ^^^^^^^^^^
sqlite3.OperationalError: no such table: users

The above exception was the direct cause of the following exception:

Traceback (most recent call last):
  File "C:\IMS\venv\Lib\site-packages\starlette\middleware\errors.py", line 164, in __call__
    await self.app(scope, receive, _send)
  File "C:\IMS\venv\Lib\site-packages\starlette\middleware\cors.py", line 87, in __call__
    await self.app(scope, receive, send)
  File "C:\IMS\venv\Lib\site-packages\starlette\middleware\base.py", line 191, in __call__
    with recv_stream, send_stream, collapse_excgroups():
                                   ^^^^^^^^^^^^^^^^^^^^
  File "C:\Users\mdjabeerahmed\AppData\Local\Programs\Python\Python312\Lib\contextlib.py", line 158, in __exit__
    self.gen.throw(value)
  File "C:\IMS\venv\Lib\site-packages\starlette\_utils.py", line 87, in collapse_excgroups
    raise exc
  File "C:\IMS\venv\Lib\site-packages\starlette\middleware\base.py", line 193, in __call__
    response = await self.dispatch_func(request, call_next)
               ^^^^^^^^^^^^^^^^^^^^^^^^^^^^^^^^^^^^^^^^^^^^
  File "C:\IMS\IMS\backend\app\main.py", line 82, in log_requests
    response = await call_next(request)
               ^^^^^^^^^^^^^^^^^^^^^^^^
  File "C:\IMS\venv\Lib\site-packages\starlette\middleware\base.py", line 168, in call_next
    raise app_exc from app_exc.__cause__ or app_exc.__context__
  File "C:\IMS\venv\Lib\site-packages\starlette\middleware\base.py", line 144, in coro
    await self.app(scope, receive_or_disconnect, send_no_error)
  File "C:\IMS\venv\Lib\site-packages\starlette\middleware\exceptions.py", line 63, in __call__
    await wrap_app_handling_exceptions(self.app, conn)(scope, receive, send)
  File "C:\IMS\venv\Lib\site-packages\starlette\_exception_handler.py", line 53, in wrapped_app
    raise exc
  File "C:\IMS\venv\Lib\site-packages\starlette\_exception_handler.py", line 42, in wrapped_app
    await app(scope, receive, sender)
  File "C:\IMS\venv\Lib\site-packages\fastapi\middleware\asyncexitstack.py", line 18, in __call__
    await self.app(scope, receive, send)
  File "C:\IMS\venv\Lib\site-packages\starlette\routing.py", line 716, in __call__
    await self.middleware_stack(scope, receive, send)
  File "C:\IMS\venv\Lib\site-packages\starlette\routing.py", line 736, in app
    await route.handle(scope, receive, send)
  File "C:\IMS\venv\Lib\site-packages\starlette\routing.py", line 290, in handle
    await self.app(scope, receive, send)
  File "C:\IMS\venv\Lib\site-packages\fastapi\routing.py", line 130, in app
    await wrap_app_handling_exceptions(app, request)(scope, receive, send)
  File "C:\IMS\venv\Lib\site-packages\starlette\_exception_handler.py", line 53, in wrapped_app
    raise exc
  File "C:\IMS\venv\Lib\site-packages\starlette\_exception_handler.py", line 42, in wrapped_app
    await app(scope, receive, sender)
  File "C:\IMS\venv\Lib\site-packages\fastapi\routing.py", line 116, in app
    response = await f(request)
               ^^^^^^^^^^^^^^^^
  File "C:\IMS\venv\Lib\site-packages\fastapi\routing.py", line 670, in app
    raw_response = await run_endpoint_function(
                   ^^^^^^^^^^^^^^^^^^^^^^^^^^^^
  File "C:\IMS\venv\Lib\site-packages\fastapi\routing.py", line 324, in run_endpoint_function
    return await dependant.call(**values)
           ^^^^^^^^^^^^^^^^^^^^^^^^^^^^^^
  File "C:\IMS\IMS\backend\app\api\v1\router.py", line 58, in get_users
    total_result = await db.execute(total_query)
                   ^^^^^^^^^^^^^^^^^^^^^^^^^^^^^
  File "C:\IMS\venv\Lib\site-packages\sqlalchemy\ext\asyncio\session.py", line 449, in execute
    result = await greenlet_spawn(
             ^^^^^^^^^^^^^^^^^^^^^
  File "C:\IMS\venv\Lib\site-packages\sqlalchemy\util\_concurrency_py3k.py", line 201, in greenlet_spawn
    result = context.throw(*sys.exc_info())
             ^^^^^^^^^^^^^^^^^^^^^^^^^^^^^^
  File "C:\IMS\venv\Lib\site-packages\sqlalchemy\orm\session.py", line 2351, in execute
    return self._execute_internal(
           ^^^^^^^^^^^^^^^^^^^^^^^
  File "C:\IMS\venv\Lib\site-packages\sqlalchemy\orm\session.py", line 2258, in _execute_internal
    result = conn.execute(
             ^^^^^^^^^^^^^
  File "C:\IMS\venv\Lib\site-packages\sqlalchemy\engine\base.py", line 1419, in execute
    return meth(
           ^^^^^
  File "C:\IMS\venv\Lib\site-packages\sqlalchemy\sql\elements.py", line 527, in _execute_on_connection
    return connection._execute_clauseelement(
           ^^^^^^^^^^^^^^^^^^^^^^^^^^^^^^^^^^
  File "C:\IMS\venv\Lib\site-packages\sqlalchemy\engine\base.py", line 1641, in _execute_clauseelement
    ret = self._execute_context(
          ^^^^^^^^^^^^^^^^^^^^^^
  File "C:\IMS\venv\Lib\site-packages\sqlalchemy\engine\base.py", line 1846, in _execute_context
    return self._exec_single_context(
           ^^^^^^^^^^^^^^^^^^^^^^^^^^
  File "C:\IMS\venv\Lib\site-packages\sqlalchemy\engine\base.py", line 1986, in _exec_single_context
    self._handle_dbapi_exception(
  File "C:\IMS\venv\Lib\site-packages\sqlalchemy\engine\base.py", line 2363, in _handle_dbapi_exception
    raise sqlalchemy_exception.with_traceback(exc_info[2]) from e
  File "C:\IMS\venv\Lib\site-packages\sqlalchemy\engine\base.py", line 1967, in _exec_single_context
    self.dialect.do_execute(
  File "C:\IMS\venv\Lib\site-packages\sqlalchemy\engine\default.py", line 952, in do_execute
    cursor.execute(statement, parameters)
  File "C:\IMS\venv\Lib\site-packages\sqlalchemy\dialects\sqlite\aiosqlite.py", line 182, in execute
    self._adapt_connection._handle_exception(error)
  File "C:\IMS\venv\Lib\site-packages\sqlalchemy\dialects\sqlite\aiosqlite.py", line 342, in _handle_exception
    raise error
  File "C:\IMS\venv\Lib\site-packages\sqlalchemy\dialects\sqlite\aiosqlite.py", line 164, in execute
    self.await_(_cursor.execute(operation, parameters))
  File "C:\IMS\venv\Lib\site-packages\sqlalchemy\util\_concurrency_py3k.py", line 132, in await_only
    return current.parent.switch(awaitable)  # type: ignore[no-any-return,attr-defined] # noqa: E501
           ^^^^^^^^^^^^^^^^^^^^^^^^^^^^^^^^
  File "C:\IMS\venv\Lib\site-packages\sqlalchemy\util\_concurrency_py3k.py", line 196, in greenlet_spawn
    value = await result
            ^^^^^^^^^^^^
  File "C:\IMS\venv\Lib\site-packages\aiosqlite\cursor.py", line 40, in execute
    await self._execute(self._cursor.execute, sql, parameters)
  File "C:\IMS\venv\Lib\site-packages\aiosqlite\cursor.py", line 32, in _execute
    return await self._conn._execute(fn, *args, **kwargs)
           ^^^^^^^^^^^^^^^^^^^^^^^^^^^^^^^^^^^^^^^^^^^^^^
  File "C:\IMS\venv\Lib\site-packages\aiosqlite\core.py", line 160, in _execute
    return await future
           ^^^^^^^^^^^^
  File "C:\IMS\venv\Lib\site-packages\aiosqlite\core.py", line 63, in _connection_worker_thread
    result = function()
             ^^^^^^^^^^
sqlalchemy.exc.OperationalError: (sqlite3.OperationalError) no such table: users
[SQL: SELECT count(*) AS count_1 
FROM (SELECT users.id AS id, users.email AS email, users.password_hash AS password_hash, users.name AS name, users.is_active AS is_active, users.created_at AS created_at, users.updated_at AS updated_at 
FROM users) AS anon_1]
(Background on this error at: https://sqlalche.me/e/20/e3q8)
[2026-03-09 13:25:56] [[32mINFO[0m] [ims] [info:106] Shutting down IMS Backend...
[2026-03-09 13:25:56] [[32mINFO[0m] [ims] [info:106] Database connections closed
[2026-03-09 14:13:15] [[32mINFO[0m] [ims] [info:106] Starting IMS Backend...
[2026-03-09 14:13:15] [[32mINFO[0m] [ims] [info:106] Environment: Development
[2026-03-09 14:13:16] [[32mINFO[0m] [ims] [info:106] Database initialized successfully
[2026-03-09 14:13:16] [[32mINFO[0m] [ims] [info:106] Shutting down IMS Backend...
[2026-03-09 14:13:16] [[32mINFO[0m] [ims] [info:106] Database connections closed
[2026-03-09 14:13:18] [[32mINFO[0m] [ims] [info:106] Starting IMS Backend...
[2026-03-09 14:13:18] [[32mINFO[0m] [ims] [info:106] Environment: Development
[2026-03-09 14:13:19] [[32mINFO[0m] [ims] [info:106] Database initialized successfully
[2026-03-09 14:13:21] [[32mINFO[0m] [ims] [info:106] GET /docs
[2026-03-09 14:13:21] [[32mINFO[0m] [ims] [info:106] GET /docs - 200
[2026-03-09 14:13:21] [[32mINFO[0m] [ims] [info:106] GET /openapi.json
[2026-03-09 14:13:21] [[32mINFO[0m] [ims] [info:106] GET /openapi.json - 200
[2026-03-09 14:14:26] [[32mINFO[0m] [ims] [info:106] GET /api/v1/health
[2026-03-09 14:14:26] [[32mINFO[0m] [ims] [info:106] GET /api/v1/health - 200
[2026-03-09 14:16:27] [[32mINFO[0m] [ims] [info:106] GET /api/v1/dashboard/stats
[2026-03-09 14:16:27] [[32mINFO[0m] [ims] [info:106] GET /api/v1/dashboard/stats - 401
[2026-03-09 14:17:48] [[32mINFO[0m] [ims] [info:106] GET /api/v1/auth/demo-credentials
[2026-03-09 14:17:48] [[32mINFO[0m] [ims] [info:106] GET /api/v1/auth/demo-credentials - 200
[2026-03-09 14:20:50] [[32mINFO[0m] [ims] [info:106] POST /api/v1/auth/login
[2026-03-09 14:20:50] [[32mINFO[0m] [ims] [info:106] Login request received for email: admin@myuser.com
[2026-03-09 14:20:50] [[32mINFO[0m] [ims] [info:106] Login attempt for email: admin@myuser.com
[2026-03-09 14:20:51] [[32mINFO[0m] [ims] [info:106] Login successful: admin@myuser.com (roles: admin)
[2026-03-09 14:20:51] [[32mINFO[0m] [ims] [info:106] Login successful for user: admin@myuser.com
[2026-03-09 14:20:51] [[32mINFO[0m] [ims] [info:106] POST /api/v1/auth/login - 200
[2026-03-09 14:26:54] [[32mINFO[0m] [ims] [info:106] POST /api/v1/auth/login
[2026-03-09 14:26:54] [[32mINFO[0m] [ims] [info:106] Login request received for email: admin@myuser.com
[2026-03-09 14:26:54] [[32mINFO[0m] [ims] [info:106] Login attempt for email: admin@myuser.com
[2026-03-09 14:26:55] [[32mINFO[0m] [ims] [info:106] Login successful: admin@myuser.com (roles: admin)
[2026-03-09 14:26:55] [[32mINFO[0m] [ims] [info:106] Login successful for user: admin@myuser.com
[2026-03-09 14:26:55] [[32mINFO[0m] [ims] [info:106] POST /api/v1/auth/login - 200
[2026-03-09 14:29:06] [[32mINFO[0m] [ims] [info:106] GET /api/v1/dashboard/stats
[2026-03-09 14:29:06] [[32mINFO[0m] [ims] [info:106] GET /api/v1/dashboard/stats - 401
[2026-03-09 14:32:58] [[32mINFO[0m] [ims] [info:106] GET /api/v1/admin/dashboard/
[2026-03-09 14:32:58] [[32mINFO[0m] [ims] [info:106] GET /api/v1/admin/dashboard/ - 200
[2026-03-09 14:33:11] [[32mINFO[0m] [ims] [info:106] GET /api/v1/dashboard/stats
[2026-03-09 14:33:11] [[32mINFO[0m] [ims] [info:106] GET /api/v1/dashboard/stats - 401
[2026-03-09 14:33:12] [[32mINFO[0m] [ims] [info:106] GET /api/v1/dashboard/stats
[2026-03-09 14:33:12] [[32mINFO[0m] [ims] [info:106] GET /api/v1/dashboard/stats - 401
[2026-03-09 14:35:57] [[32mINFO[0m] [ims] [info:106] GET /api/v1/dashboard/stats
[2026-03-09 14:35:57] [[32mINFO[0m] [ims] [info:106] GET /api/v1/dashboard/stats - 401
[2026-03-09 14:35:59] [[32mINFO[0m] [ims] [info:106] GET /api/v1/dashboard/stats
[2026-03-09 14:35:59] [[32mINFO[0m] [ims] [info:106] GET /api/v1/dashboard/stats - 401
[2026-03-09 14:36:06] [[32mINFO[0m] [ims] [info:106] GET /api/v1/dashboard/stats
[2026-03-09 14:36:06] [[32mINFO[0m] [ims] [info:106] GET /api/v1/dashboard/stats - 401
[2026-03-09 14:37:24] [[32mINFO[0m] [ims] [info:106] GET /api/v1/dashboard/stats
[2026-03-09 14:37:24] [[32mINFO[0m] [ims] [info:106] GET /api/v1/dashboard/stats - 401
[2026-03-09 14:39:15] [[32mINFO[0m] [ims] [info:106] GET /api/v1/dashboard/stats
[2026-03-09 14:39:15] [[32mINFO[0m] [ims] [info:106] GET /api/v1/dashboard/stats - 200
[2026-03-23 12:22:41] [[32mINFO[0m] [ims] [info:106] Starting IMS Backend...
[2026-03-23 12:22:41] [[32mINFO[0m] [ims] [info:106] Environment: Development
[2026-03-23 12:22:41] [[32mINFO[0m] [ims] [info:106] Database initialized successfully
[2026-03-23 12:22:41] [[32mINFO[0m] [ims] [info:106] Starting IMS Backend...
[2026-03-23 12:22:41] [[32mINFO[0m] [ims] [info:106] Environment: Development
[2026-03-23 12:22:42] [[32mINFO[0m] [ims] [info:106] Database initialized successfully
[2026-03-23 12:22:42] [[32mINFO[0m] [ims] [info:106] Shutting down IMS Backend...
[2026-03-23 12:22:42] [[32mINFO[0m] [ims] [info:106] Database connections closed
[2026-03-23 12:22:48] [[32mINFO[0m] [ims] [info:106] Starting IMS Backend...
[2026-03-23 12:22:48] [[32mINFO[0m] [ims] [info:106] Environment: Development
[2026-03-23 12:22:48] [[32mINFO[0m] [ims] [info:106] Starting IMS Backend...
[2026-03-23 12:22:48] [[32mINFO[0m] [ims] [info:106] Environment: Development
[2026-03-23 12:22:48] [[32mINFO[0m] [ims] [info:106] Database initialized successfully
[2026-03-23 12:22:48] [[32mINFO[0m] [ims] [info:106] Database initialized successfully
[2026-03-23 12:23:17] [[32mINFO[0m] [ims] [info:106] Shutting down IMS Backend...
[2026-03-23 12:23:17] [[32mINFO[0m] [ims] [info:106] Database connections closed
[2026-03-23 12:25:00] [[32mINFO[0m] [ims] [info:106] Starting IMS Backend...
[2026-03-23 12:25:00] [[32mINFO[0m] [ims] [info:106] Environment: Development
[2026-03-23 12:25:00] [[32mINFO[0m] [ims] [info:106] Database initialized successfully
[2026-03-23 12:25:14] [[32mINFO[0m] [ims] [info:106] GET /docs
[2026-03-23 12:25:14] [[32mINFO[0m] [ims] [info:106] GET /docs - 200
[2026-03-23 12:25:15] [[32mINFO[0m] [ims] [info:106] GET /openapi.json
[2026-03-23 12:25:15] [[32mINFO[0m] [ims] [info:106] GET /openapi.json - 200
[2026-03-23 12:36:17] [[32mINFO[0m] [ims] [info:106] Shutting down IMS Backend...
[2026-03-23 12:36:17] [[32mINFO[0m] [ims] [info:106] Database connections closed
[2026-03-25 19:29:12] [[32mINFO[0m] [ims] [info:106] Starting IMS Backend...
[2026-03-25 19:29:12] [[32mINFO[0m] [ims] [info:106] Environment: Development
[2026-03-25 19:29:12] [[32mINFO[0m] [ims] [info:106] Database initialized successfully
[2026-03-25 19:29:27] [[32mINFO[0m] [ims] [info:106] GET /docs
[2026-03-25 19:29:27] [[32mINFO[0m] [ims] [info:106] GET /docs - 200
[2026-03-25 19:29:28] [[32mINFO[0m] [ims] [info:106] GET /openapi.json
[2026-03-25 19:29:28] [[32mINFO[0m] [ims] [info:106] GET /openapi.json - 200
[2026-03-25 19:35:34] [[32mINFO[0m] [ims] [info:106] Shutting down IMS Backend...
[2026-03-25 19:35:34] [[32mINFO[0m] [ims] [info:106] Database connections closed
[2026-03-25 19:35:39] [[32mINFO[0m] [ims] [info:106] Starting IMS Backend...
[2026-03-25 19:35:39] [[32mINFO[0m] [ims] [info:106] Environment: Development
[2026-03-25 19:35:39] [[32mINFO[0m] [ims] [info:106] Database initialized successfully
[2026-03-25 19:36:52] [[32mINFO[0m] [ims] [info:106] Shutting down IMS Backend...
[2026-03-25 19:36:52] [[32mINFO[0m] [ims] [info:106] Database connections closed
[2026-03-25 19:36:58] [[32mINFO[0m] [ims] [info:106] Starting IMS Backend...
[2026-03-25 19:36:58] [[32mINFO[0m] [ims] [info:106] Environment: Development
[2026-03-25 19:36:59] [[32mINFO[0m] [ims] [info:106] Database initialized successfully
[2026-03-25 19:37:22] [[32mINFO[0m] [ims] [info:106] GET /docs
[2026-03-25 19:37:22] [[32mINFO[0m] [ims] [info:106] GET /docs - 200
[2026-03-25 19:37:23] [[32mINFO[0m] [ims] [info:106] GET /openapi.json
[2026-03-25 19:37:23] [[32mINFO[0m] [ims] [info:106] GET /openapi.json - 200
[2026-03-25 19:37:55] [[32mINFO[0m] [ims] [info:106] Shutting down IMS Backend...
[2026-03-25 19:37:55] [[32mINFO[0m] [ims] [info:106] Database connections closed
[2026-03-25 19:40:05] [[32mINFO[0m] [ims] [info:106] Starting IMS Backend...
[2026-03-25 19:40:05] [[32mINFO[0m] [ims] [info:106] Environment: Development
[2026-03-25 19:40:05] [[32mINFO[0m] [ims] [info:106] Database initialized successfully
[2026-03-25 19:40:21] [[32mINFO[0m] [ims] [info:106] GET /docs
[2026-03-25 19:40:21] [[32mINFO[0m] [ims] [info:106] GET /docs - 200
[2026-03-25 19:40:21] [[32mINFO[0m] [ims] [info:106] GET /openapi.json
[2026-03-25 19:40:21] [[32mINFO[0m] [ims] [info:106] GET /openapi.json - 200
[2026-03-25 19:46:35] [[32mINFO[0m] [ims] [info:106] Shutting down IMS Backend...
[2026-03-25 19:46:35] [[32mINFO[0m] [ims] [info:106] Database connections closed
[2026-03-25 19:46:45] [[32mINFO[0m] [ims] [info:106] Starting IMS Backend...
[2026-03-25 19:46:45] [[32mINFO[0m] [ims] [info:106] Environment: Development
[2026-03-25 19:46:45] [[32mINFO[0m] [ims] [info:106] Database initialized successfully
[2026-03-25 19:46:57] [[32mINFO[0m] [ims] [info:106] Shutting down IMS Backend...
[2026-03-25 19:46:57] [[32mINFO[0m] [ims] [info:106] Database connections closed
[2026-03-25 19:47:01] [[32mINFO[0m] [ims] [info:106] Starting IMS Backend...
[2026-03-25 19:47:01] [[32mINFO[0m] [ims] [info:106] Environment: Development
[2026-03-25 19:47:01] [[32mINFO[0m] [ims] [info:106] Database initialized successfully
[2026-03-25 19:47:10] [[32mINFO[0m] [ims] [info:106] Shutting down IMS Backend...
[2026-03-25 19:47:10] [[32mINFO[0m] [ims] [info:106] Database connections closed
[2026-03-25 19:47:28] [[32mINFO[0m] [ims] [info:106] Starting IMS Backend...
[2026-03-25 19:47:28] [[32mINFO[0m] [ims] [info:106] Environment: Development
[2026-03-25 19:47:28] [[32mINFO[0m] [ims] [info:106] Database initialized successfully
[2026-03-25 19:47:51] [[32mINFO[0m] [ims] [info:106] GET /docs
[2026-03-25 19:47:51] [[32mINFO[0m] [ims] [info:106] GET /docs - 200
[2026-03-25 19:47:51] [[32mINFO[0m] [ims] [info:106] GET /openapi.json
[2026-03-25 19:47:52] [[32mINFO[0m] [ims] [info:106] GET /openapi.json - 200
[2026-03-25 20:04:33] [[32mINFO[0m] [ims] [info:106] Shutting down IMS Backend...
[2026-03-25 20:04:33] [[32mINFO[0m] [ims] [info:106] Database connections closed
[2026-03-25 20:04:40] [[32mINFO[0m] [ims] [info:106] Starting IMS Backend...
[2026-03-25 20:04:40] [[32mINFO[0m] [ims] [info:106] Environment: Development
[2026-03-25 20:04:40] [[32mINFO[0m] [ims] [info:106] Database initialized successfully
[2026-03-25 20:05:53] [[32mINFO[0m] [ims] [info:106] Shutting down IMS Backend...
[2026-03-25 20:05:53] [[32mINFO[0m] [ims] [info:106] Database connections closed
[2026-03-25 20:05:59] [[32mINFO[0m] [ims] [info:106] Starting IMS Backend...
[2026-03-25 20:05:59] [[32mINFO[0m] [ims] [info:106] Environment: Development
[2026-03-25 20:06:00] [[32mINFO[0m] [ims] [info:106] Database initialized successfully
[2026-03-25 20:08:40] [[32mINFO[0m] [ims] [info:106] Shutting down IMS Backend...
[2026-03-25 20:08:40] [[32mINFO[0m] [ims] [info:106] Database connections closed
[2026-03-25 20:08:44] [[32mINFO[0m] [ims] [info:106] Starting IMS Backend...
[2026-03-25 20:08:44] [[32mINFO[0m] [ims] [info:106] Environment: Development
[2026-03-25 20:08:44] [[32mINFO[0m] [ims] [info:106] Database initialized successfully
[2026-03-25 20:08:50] [[32mINFO[0m] [ims] [info:106] Shutting down IMS Backend...
[2026-03-25 20:08:50] [[32mINFO[0m] [ims] [info:106] Database connections closed
[2026-03-25 20:09:03] [[32mINFO[0m] [ims] [info:106] Starting IMS Backend...
[2026-03-25 20:09:03] [[32mINFO[0m] [ims] [info:106] Environment: Development
[2026-03-25 20:09:04] [[32mINFO[0m] [ims] [info:106] Database initialized successfully
[2026-03-25 20:09:24] [[32mINFO[0m] [ims] [info:106] GET /docs
[2026-03-25 20:09:24] [[32mINFO[0m] [ims] [info:106] GET /docs - 200
[2026-03-25 20:09:24] [[32mINFO[0m] [ims] [info:106] GET /openapi.json
[2026-03-25 20:09:24] [[32mINFO[0m] [ims] [info:106] GET /openapi.json - 200
[2026-03-26 18:05:49] [[32mINFO[0m] [ims] [info:106] Starting IMS Backend...
[2026-03-26 18:05:49] [[32mINFO[0m] [ims] [info:106] Environment: Development
[2026-03-26 18:05:49] [[32mINFO[0m] [ims] [info:106] Database initialized successfully
[2026-03-26 18:05:59] [[32mINFO[0m] [ims] [info:106] GET /docs
[2026-03-26 18:05:59] [[32mINFO[0m] [ims] [info:106] GET /docs - 200
[2026-03-26 18:05:59] [[32mINFO[0m] [ims] [info:106] GET /openapi.json
[2026-03-26 18:05:59] [[32mINFO[0m] [ims] [info:106] GET /openapi.json - 200
[2026-03-26 18:27:50] [[32mINFO[0m] [ims] [info:106] GET /api/v1/transport/dashboard
[2026-03-26 18:27:50] [[32mINFO[0m] [ims] [info:106] GET /api/v1/transport/dashboard - 200
[2026-03-26 18:27:50] [[32mINFO[0m] [ims] [info:106] GET /api/v1/transport/dashboard
[2026-03-26 18:27:50] [[32mINFO[0m] [ims] [info:106] GET /api/v1/transport/dashboard - 200
[2026-03-26 19:17:14] [[32mINFO[0m] [ims] [info:106] GET /api/v1/transport/dashboard
[2026-03-26 19:17:14] [[32mINFO[0m] [ims] [info:106] GET /api/v1/transport/dashboard - 200
[2026-03-26 19:17:14] [[32mINFO[0m] [ims] [info:106] GET /api/v1/transport/dashboard
[2026-03-26 19:17:14] [[32mINFO[0m] [ims] [info:106] GET /api/v1/transport/dashboard - 200
[2026-03-26 19:24:52] [[32mINFO[0m] [ims] [info:106] Shutting down IMS Backend...
[2026-03-26 19:24:52] [[32mINFO[0m] [ims] [info:106] Database connections closed
[2026-03-26 19:24:58] [[32mINFO[0m] [ims] [info:106] Starting IMS Backend...
[2026-03-26 19:24:58] [[32mINFO[0m] [ims] [info:106] Environment: Development
[2026-03-26 19:24:58] [[32mINFO[0m] [ims] [info:106] Database initialized successfully
[2026-03-26 19:25:01] [[32mINFO[0m] [ims] [info:106] Shutting down IMS Backend...
[2026-03-26 19:25:01] [[32mINFO[0m] [ims] [info:106] Database connections closed
[2026-03-26 19:25:05] [[32mINFO[0m] [ims] [info:106] Starting IMS Backend...
[2026-03-26 19:25:05] [[32mINFO[0m] [ims] [info:106] Environment: Development
[2026-03-26 19:25:05] [[32mINFO[0m] [ims] [info:106] Database initialized successfully
[2026-03-26 19:25:17] [[32mINFO[0m] [ims] [info:106] Shutting down IMS Backend...
[2026-03-26 19:25:17] [[32mINFO[0m] [ims] [info:106] Database connections closed
[2026-03-26 19:25:25] [[32mINFO[0m] [ims] [info:106] Starting IMS Backend...
[2026-03-26 19:25:25] [[32mINFO[0m] [ims] [info:106] Environment: Development
[2026-03-26 19:25:25] [[32mINFO[0m] [ims] [info:106] Database initialized successfully
[2026-03-26 19:25:33] [[32mINFO[0m] [ims] [info:106] GET /docs
[2026-03-26 19:25:33] [[32mINFO[0m] [ims] [info:106] GET /docs - 200
[2026-03-26 19:25:34] [[32mINFO[0m] [ims] [info:106] GET /openapi.json
[2026-03-26 19:25:34] [[32mINFO[0m] [ims] [info:106] GET /openapi.json - 200
[2026-03-26 19:25:48] [[32mINFO[0m] [ims] [info:106] GET /api/v1/transport/dashboard
[2026-03-26 19:25:48] [[32mINFO[0m] [ims] [info:106] GET /api/v1/transport/dashboard - 200
[2026-03-26 19:25:48] [[32mINFO[0m] [ims] [info:106] GET /api/v1/transport/dashboard
[2026-03-26 19:25:48] [[32mINFO[0m] [ims] [info:106] GET /api/v1/transport/dashboard - 200
[2026-03-26 19:38:17] [[32mINFO[0m] [ims] [info:106] GET /api/v1/transport/dashboard
[2026-03-26 19:38:17] [[32mINFO[0m] [ims] [info:106] GET /api/v1/transport/dashboard - 200
[2026-03-29 13:00:12] [[32mINFO[0m] [ims] [info:106] Starting IMS Backend...
[2026-03-29 13:00:12] [[32mINFO[0m] [ims] [info:106] Environment: Development
[2026-03-29 13:00:13] [[32mINFO[0m] [ims] [info:106] Database initialized successfully
[2026-03-29 13:00:13] [[32mINFO[0m] [ims] [info:106] Shutting down IMS Backend...
[2026-03-29 13:00:13] [[32mINFO[0m] [ims] [info:106] Database connections closed
[2026-03-29 13:03:16] [[32mINFO[0m] [ims] [info:106] Starting IMS Backend...
[2026-03-29 13:03:16] [[32mINFO[0m] [ims] [info:106] Environment: Development
[2026-03-29 13:03:16] [[32mINFO[0m] [ims] [info:106] Database initialized successfully
[2026-03-29 13:03:16] [[32mINFO[0m] [ims] [info:106] GET /docs
[2026-03-29 13:03:16] [[32mINFO[0m] [ims] [info:106] GET /docs
[2026-03-29 13:03:16] [[32mINFO[0m] [ims] [info:106] GET /docs - 200
[2026-03-29 13:03:16] [[32mINFO[0m] [ims] [info:106] GET /docs - 200
[2026-03-29 13:05:22] [[32mINFO[0m] [ims] [info:106] Starting IMS Backend...
[2026-03-29 13:05:22] [[32mINFO[0m] [ims] [info:106] Environment: Development
[2026-03-29 13:05:25] [[32mINFO[0m] [ims] [info:106] Database initialized successfully
[2026-03-29 13:09:15] [[32mINFO[0m] [ims] [info:106] Shutting down IMS Backend...
[2026-03-29 13:09:15] [[32mINFO[0m] [ims] [info:106] Database connections closed
[2026-03-29 13:09:31] [[32mINFO[0m] [ims] [info:106] Starting IMS Backend...
[2026-03-29 13:09:31] [[32mINFO[0m] [ims] [info:106] Environment: Development
[2026-03-29 13:09:32] [[32mINFO[0m] [ims] [info:106] Database initialized successfully
[2026-03-29 13:09:42] [[32mINFO[0m] [ims] [info:106] GET /docs
[2026-03-29 13:09:42] [[32mINFO[0m] [ims] [info:106] GET /docs - 200
[2026-03-29 13:09:43] [[32mINFO[0m] [ims] [info:106] GET /openapi.json
[2026-03-29 13:09:43] [[32mINFO[0m] [ims] [info:106] GET /openapi.json - 200
[2026-03-29 13:13:15] [[32mINFO[0m] [ims] [info:106] GET /api/v1/users/
[2026-03-29 13:13:15] [[32mINFO[0m] [ims] [info:106] GET /api/v1/users/ - 200
[2026-03-29 13:13:28] [[32mINFO[0m] [ims] [info:106] GET /api/v1/users/
[2026-03-29 13:13:28] [[32mINFO[0m] [ims] [info:106] GET /api/v1/users/ - 200
[2026-03-29 16:22:26] [[32mINFO[0m] [ims] [info:106] GET /api/v1/users/
[2026-03-29 16:22:26] [[32mINFO[0m] [ims] [info:106] GET /api/v1/users/ - 200
[2026-03-29 16:23:46] [[32mINFO[0m] [ims] [info:106] GET /api/v1/users/
[2026-03-29 16:23:46] [[32mINFO[0m] [ims] [info:106] GET /api/v1/users/ - 200
[2026-03-29 16:23:49] [[32mINFO[0m] [ims] [info:106] GET /api/v1/users/
[2026-03-29 16:23:49] [[32mINFO[0m] [ims] [info:106] GET /api/v1/users/ - 200
[2026-03-29 17:04:10] [[32mINFO[0m] [ims] [info:106] Shutting down IMS Backend...
[2026-03-29 17:04:10] [[32mINFO[0m] [ims] [info:106] Database connections closed
[2026-03-29 17:04:19] [[32mINFO[0m] [ims] [info:106] Starting IMS Backend...
[2026-03-29 17:04:19] [[32mINFO[0m] [ims] [info:106] Environment: Development
[2026-03-29 17:04:19] [[32mINFO[0m] [ims] [info:106] Database initialized successfully
[2026-03-29 17:13:57] [[32mINFO[0m] [ims] [info:106] Shutting down IMS Backend...
[2026-03-29 17:13:57] [[32mINFO[0m] [ims] [info:106] Database connections closed
[2026-03-29 17:14:08] [[32mINFO[0m] [ims] [info:106] Starting IMS Backend...
[2026-03-29 17:14:08] [[32mINFO[0m] [ims] [info:106] Environment: Development
[2026-03-29 17:14:09] [[32mINFO[0m] [ims] [info:106] Database initialized successfully
[2026-04-19 18:24:57] [[32mINFO[0m] [ims] [info:106] Starting IMS Backend...
[2026-04-19 18:24:57] [[32mINFO[0m] [ims] [info:106] Environment: Development
[2026-04-19 18:24:57] [[32mINFO[0m] [ims] [info:106] Starting IMS Backend...
[2026-04-19 18:24:58] [[32mINFO[0m] [ims] [info:106] Environment: Development
[2026-04-19 18:24:59] [[32mINFO[0m] [ims] [info:106] Database initialized successfully
[2026-04-19 18:24:59] [[32mINFO[0m] [ims] [info:106] Shutting down IMS Backend...
[2026-04-19 18:24:59] [[32mINFO[0m] [ims] [info:106] Database connections closed
[2026-04-19 18:24:59] [[31mERROR[0m] [ims] [error:116] Failed to initialize database: (sqlalchemy.dialects.postgresql.asyncpg.IntegrityError) <class 'asyncpg.exceptions.UniqueViolationError'>: duplicate key value violates unique constraint "pg_class_relname_nsp_index"
DETAIL:  Key (relname, relnamespace)=(classes_id_seq, 2200) already exists.
[SQL: 
CREATE TABLE classes (
	id SERIAL NOT NULL, 
	teacher_id INTEGER, 
	PRIMARY KEY (id), 
	FOREIGN KEY(teacher_id) REFERENCES users (id)
)

]
(Background on this error at: https://sqlalche.me/e/20/gkpj)
Traceback (most recent call last):
  File "C:\Users\mdjabeerahmed\OneDrive\Desktop\IMS\venv\Lib\site-packages\sqlalchemy\dialects\postgresql\asyncpg.py", line 550, in _prepare_and_execute
    self._rows = deque(await prepared_stmt.fetch(*parameters))
                       ^^^^^^^^^^^^^^^^^^^^^^^^^^^^^^^^^^^^^^
  File "C:\Users\mdjabeerahmed\OneDrive\Desktop\IMS\venv\Lib\site-packages\asyncpg\prepared_stmt.py", line 177, in fetch
    data = await self.__bind_execute(args, 0, timeout)
           ^^^^^^^^^^^^^^^^^^^^^^^^^^^^^^^^^^^^^^^^^^^
  File "C:\Users\mdjabeerahmed\OneDrive\Desktop\IMS\venv\Lib\site-packages\asyncpg\prepared_stmt.py", line 268, in __bind_execute
    data, status, _ = await self.__do_execute(
                      ^^^^^^^^^^^^^^^^^^^^^^^^
  File "C:\Users\mdjabeerahmed\OneDrive\Desktop\IMS\venv\Lib\site-packages\asyncpg\prepared_stmt.py", line 257, in __do_execute
    return await executor(protocol)
           ^^^^^^^^^^^^^^^^^^^^^^^^
  File "asyncpg/protocol/protocol.pyx", line 205, in bind_execute
asyncpg.exceptions.UniqueViolationError: duplicate key value violates unique constraint "pg_class_relname_nsp_index"
DETAIL:  Key (relname, relnamespace)=(classes_id_seq, 2200) already exists.

The above exception was the direct cause of the following exception:

Traceback (most recent call last):
  File "C:\Users\mdjabeerahmed\OneDrive\Desktop\IMS\venv\Lib\site-packages\sqlalchemy\engine\base.py", line 1967, in _exec_single_context
    self.dialect.do_execute(
  File "C:\Users\mdjabeerahmed\OneDrive\Desktop\IMS\venv\Lib\site-packages\sqlalchemy\engine\default.py", line 952, in do_execute
    cursor.execute(statement, parameters)
  File "C:\Users\mdjabeerahmed\OneDrive\Desktop\IMS\venv\Lib\site-packages\sqlalchemy\dialects\postgresql\asyncpg.py", line 585, in execute
    self._adapt_connection.await_(
  File "C:\Users\mdjabeerahmed\OneDrive\Desktop\IMS\venv\Lib\site-packages\sqlalchemy\util\_concurrency_py3k.py", line 132, in await_only
    return current.parent.switch(awaitable)  # type: ignore[no-any-return,attr-defined] # noqa: E501
           ^^^^^^^^^^^^^^^^^^^^^^^^^^^^^^^^
  File "C:\Users\mdjabeerahmed\OneDrive\Desktop\IMS\venv\Lib\site-packages\sqlalchemy\util\_concurrency_py3k.py", line 196, in greenlet_spawn
    value = await result
            ^^^^^^^^^^^^
  File "C:\Users\mdjabeerahmed\OneDrive\Desktop\IMS\venv\Lib\site-packages\sqlalchemy\dialects\postgresql\asyncpg.py", line 563, in _prepare_and_execute
    self._handle_exception(error)
  File "C:\Users\mdjabeerahmed\OneDrive\Desktop\IMS\venv\Lib\site-packages\sqlalchemy\dialects\postgresql\asyncpg.py", line 513, in _handle_exception
    self._adapt_connection._handle_exception(error)
  File "C:\Users\mdjabeerahmed\OneDrive\Desktop\IMS\venv\Lib\site-packages\sqlalchemy\dialects\postgresql\asyncpg.py", line 797, in _handle_exception
    raise translated_error from error
sqlalchemy.dialects.postgresql.asyncpg.AsyncAdapt_asyncpg_dbapi.IntegrityError: <class 'asyncpg.exceptions.UniqueViolationError'>: duplicate key value violates unique constraint "pg_class_relname_nsp_index"
DETAIL:  Key (relname, relnamespace)=(classes_id_seq, 2200) already exists.

The above exception was the direct cause of the following exception:

Traceback (most recent call last):
  File "C:\Users\mdjabeerahmed\OneDrive\Desktop\IMS\IMS\backend\app\main.py", line 27, in lifespan
    await init_db()
  File "C:\Users\mdjabeerahmed\OneDrive\Desktop\IMS\IMS\backend\app\infrastructure\database\database.py", line 81, in init_db
    await conn.run_sync(Base.metadata.create_all)
  File "C:\Users\mdjabeerahmed\OneDrive\Desktop\IMS\venv\Lib\site-packages\sqlalchemy\ext\asyncio\engine.py", line 888, in run_sync
    return await greenlet_spawn(
           ^^^^^^^^^^^^^^^^^^^^^
  File "C:\Users\mdjabeerahmed\OneDrive\Desktop\IMS\venv\Lib\site-packages\sqlalchemy\util\_concurrency_py3k.py", line 201, in greenlet_spawn
    result = context.throw(*sys.exc_info())
             ^^^^^^^^^^^^^^^^^^^^^^^^^^^^^^
  File "C:\Users\mdjabeerahmed\OneDrive\Desktop\IMS\venv\Lib\site-packages\sqlalchemy\sql\schema.py", line 5928, in create_all
    bind._run_ddl_visitor(
  File "C:\Users\mdjabeerahmed\OneDrive\Desktop\IMS\venv\Lib\site-packages\sqlalchemy\engine\base.py", line 2467, in _run_ddl_visitor
    ).traverse_single(element)
      ^^^^^^^^^^^^^^^^^^^^^^^^
  File "C:\Users\mdjabeerahmed\OneDrive\Desktop\IMS\venv\Lib\site-packages\sqlalchemy\sql\visitors.py", line 661, in traverse_single
    return meth(obj, **kw)
           ^^^^^^^^^^^^^^^
  File "C:\Users\mdjabeerahmed\OneDrive\Desktop\IMS\venv\Lib\site-packages\sqlalchemy\sql\ddl.py", line 984, in visit_metadata
    self.traverse_single(
  File "C:\Users\mdjabeerahmed\OneDrive\Desktop\IMS\venv\Lib\site-packages\sqlalchemy\sql\visitors.py", line 661, in traverse_single
    return meth(obj, **kw)
           ^^^^^^^^^^^^^^^
  File "C:\Users\mdjabeerahmed\OneDrive\Desktop\IMS\venv\Lib\site-packages\sqlalchemy\sql\ddl.py", line 1022, in visit_table
    )._invoke_with(self.connection)
      ^^^^^^^^^^^^^^^^^^^^^^^^^^^^^
  File "C:\Users\mdjabeerahmed\OneDrive\Desktop\IMS\venv\Lib\site-packages\sqlalchemy\sql\ddl.py", line 321, in _invoke_with
    return bind.execute(self)
           ^^^^^^^^^^^^^^^^^^
  File "C:\Users\mdjabeerahmed\OneDrive\Desktop\IMS\venv\Lib\site-packages\sqlalchemy\engine\base.py", line 1419, in execute
    return meth(
           ^^^^^
  File "C:\Users\mdjabeerahmed\OneDrive\Desktop\IMS\venv\Lib\site-packages\sqlalchemy\sql\ddl.py", line 187, in _execute_on_connection
    return connection._execute_ddl(
           ^^^^^^^^^^^^^^^^^^^^^^^^
  File "C:\Users\mdjabeerahmed\OneDrive\Desktop\IMS\venv\Lib\site-packages\sqlalchemy\engine\base.py", line 1530, in _execute_ddl
    ret = self._execute_context(
          ^^^^^^^^^^^^^^^^^^^^^^
  File "C:\Users\mdjabeerahmed\OneDrive\Desktop\IMS\venv\Lib\site-packages\sqlalchemy\engine\base.py", line 1846, in _execute_context
    return self._exec_single_context(
           ^^^^^^^^^^^^^^^^^^^^^^^^^^
  File "C:\Users\mdjabeerahmed\OneDrive\Desktop\IMS\venv\Lib\site-packages\sqlalchemy\engine\base.py", line 1986, in _exec_single_context
    self._handle_dbapi_exception(
  File "C:\Users\mdjabeerahmed\OneDrive\Desktop\IMS\venv\Lib\site-packages\sqlalchemy\engine\base.py", line 2363, in _handle_dbapi_exception
    raise sqlalchemy_exception.with_traceback(exc_info[2]) from e
  File "C:\Users\mdjabeerahmed\OneDrive\Desktop\IMS\venv\Lib\site-packages\sqlalchemy\engine\base.py", line 1967, in _exec_single_context
    self.dialect.do_execute(
  File "C:\Users\mdjabeerahmed\OneDrive\Desktop\IMS\venv\Lib\site-packages\sqlalchemy\engine\default.py", line 952, in do_execute
    cursor.execute(statement, parameters)
  File "C:\Users\mdjabeerahmed\OneDrive\Desktop\IMS\venv\Lib\site-packages\sqlalchemy\dialects\postgresql\asyncpg.py", line 585, in execute
    self._adapt_connection.await_(
  File "C:\Users\mdjabeerahmed\OneDrive\Desktop\IMS\venv\Lib\site-packages\sqlalchemy\util\_concurrency_py3k.py", line 132, in await_only
    return current.parent.switch(awaitable)  # type: ignore[no-any-return,attr-defined] # noqa: E501
           ^^^^^^^^^^^^^^^^^^^^^^^^^^^^^^^^
  File "C:\Users\mdjabeerahmed\OneDrive\Desktop\IMS\venv\Lib\site-packages\sqlalchemy\util\_concurrency_py3k.py", line 196, in greenlet_spawn
    value = await result
            ^^^^^^^^^^^^
  File "C:\Users\mdjabeerahmed\OneDrive\Desktop\IMS\venv\Lib\site-packages\sqlalchemy\dialects\postgresql\asyncpg.py", line 563, in _prepare_and_execute
    self._handle_exception(error)
  File "C:\Users\mdjabeerahmed\OneDrive\Desktop\IMS\venv\Lib\site-packages\sqlalchemy\dialects\postgresql\asyncpg.py", line 513, in _handle_exception
    self._adapt_connection._handle_exception(error)
  File "C:\Users\mdjabeerahmed\OneDrive\Desktop\IMS\venv\Lib\site-packages\sqlalchemy\dialects\postgresql\asyncpg.py", line 797, in _handle_exception
    raise translated_error from error
sqlalchemy.exc.IntegrityError: (sqlalchemy.dialects.postgresql.asyncpg.IntegrityError) <class 'asyncpg.exceptions.UniqueViolationError'>: duplicate key value violates unique constraint "pg_class_relname_nsp_index"
DETAIL:  Key (relname, relnamespace)=(classes_id_seq, 2200) already exists.
[SQL: 
CREATE TABLE classes (
	id SERIAL NOT NULL, 
	teacher_id INTEGER, 
	PRIMARY KEY (id), 
	FOREIGN KEY(teacher_id) REFERENCES users (id)
)

]
(Background on this error at: https://sqlalche.me/e/20/gkpj)
[2026-04-19 18:25:02] [[32mINFO[0m] [ims] [info:106] Starting IMS Backend...
[2026-04-19 18:25:03] [[32mINFO[0m] [ims] [info:106] Environment: Development
[2026-04-19 18:25:04] [[32mINFO[0m] [ims] [info:106] Database initialized successfully
[2026-04-19 18:25:17] [[32mINFO[0m] [ims] [info:106] Starting IMS Backend...
[2026-04-19 18:25:17] [[32mINFO[0m] [ims] [info:106] Environment: Development
[2026-04-19 18:25:18] [[32mINFO[0m] [ims] [info:106] Starting IMS Backend...
[2026-04-19 18:25:18] [[32mINFO[0m] [ims] [info:106] Environment: Development
[2026-04-19 18:25:20] [[32mINFO[0m] [ims] [info:106] Database initialized successfully
[2026-04-19 18:25:20] [[32mINFO[0m] [ims] [info:106] Database initialized successfully
[2026-04-19 18:25:28] [[32mINFO[0m] [ims] [info:106] GET /docs
[2026-04-19 18:25:28] [[32mINFO[0m] [ims] [info:106] GET /docs - 200
[2026-04-19 18:25:29] [[32mINFO[0m] [ims] [info:106] GET /openapi.json
[2026-04-19 18:25:30] [[32mINFO[0m] [ims] [info:106] GET /openapi.json - 200
[2026-04-19 18:29:50] [[32mINFO[0m] [ims] [info:106] Shutting down IMS Backend...
[2026-04-19 18:29:50] [[32mINFO[0m] [ims] [info:106] Database connections closed
[2026-04-19 18:30:03] [[32mINFO[0m] [ims] [info:106] Starting IMS Backend...
[2026-04-19 18:30:03] [[32mINFO[0m] [ims] [info:106] Environment: Development
[2026-04-19 18:30:04] [[32mINFO[0m] [ims] [info:106] Database initialized successfully
[2026-04-19 18:33:09] [[32mINFO[0m] [ims] [info:106] PATCH /api/v1/classes/1/teacher
[2026-04-19 18:33:09] [[31mERROR[0m] [ims] [error:116] Unexpected exception: 'AsyncSession' object has no attribute 'query'
  + Exception Group Traceback (most recent call last):
  |   File "C:\Users\mdjabeerahmed\AppData\Local\Programs\Python\Python312\Lib\site-packages\starlette\_utils.py", line 76, in collapse_excgroups
  |     yield
  |   File "C:\Users\mdjabeerahmed\AppData\Local\Programs\Python\Python312\Lib\site-packages\starlette\middleware\base.py", line 177, in __call__
  |     async with anyio.create_task_group() as task_group:
  |                ^^^^^^^^^^^^^^^^^^^^^^^^^
  |   File "C:\Users\mdjabeerahmed\AppData\Local\Programs\Python\Python312\Lib\site-packages\anyio\_backends\_asyncio.py", line 799, in __aexit__
  |     raise BaseExceptionGroup(
  | ExceptionGroup: unhandled errors in a TaskGroup (1 sub-exception)
  +-+---------------- 1 ----------------
    | Traceback (most recent call last):
    |   File "C:\Users\mdjabeerahmed\AppData\Local\Programs\Python\Python312\Lib\site-packages\starlette\middleware\errors.py", line 165, in __call__
    |     await self.app(scope, receive, _send)
    |   File "C:\Users\mdjabeerahmed\AppData\Local\Programs\Python\Python312\Lib\site-packages\starlette\middleware\base.py", line 176, in __call__
    |     with recv_stream, send_stream, collapse_excgroups():
    |                                    ^^^^^^^^^^^^^^^^^^^^
    |   File "C:\Users\mdjabeerahmed\AppData\Local\Programs\Python\Python312\Lib\contextlib.py", line 158, in __exit__
    |     self.gen.throw(value)
    |   File "C:\Users\mdjabeerahmed\AppData\Local\Programs\Python\Python312\Lib\site-packages\starlette\_utils.py", line 82, in collapse_excgroups
    |     raise exc
    |   File "C:\Users\mdjabeerahmed\AppData\Local\Programs\Python\Python312\Lib\site-packages\starlette\middleware\base.py", line 178, in __call__
    |     response = await self.dispatch_func(request, call_next)
    |                ^^^^^^^^^^^^^^^^^^^^^^^^^^^^^^^^^^^^^^^^^^^^
    |   File "C:\Users\mdjabeerahmed\OneDrive\Desktop\IMS\IMS\backend\app\main.py", line 81, in log_requests
    |     response = await call_next(request)
    |                ^^^^^^^^^^^^^^^^^^^^^^^^
    |   File "C:\Users\mdjabeerahmed\AppData\Local\Programs\Python\Python312\Lib\site-packages\starlette\middleware\base.py", line 156, in call_next
    |     raise app_exc
    |   File "C:\Users\mdjabeerahmed\AppData\Local\Programs\Python\Python312\Lib\site-packages\starlette\middleware\base.py", line 141, in coro
    |     await self.app(scope, receive_or_disconnect, send_no_error)
    |   File "C:\Users\mdjabeerahmed\AppData\Local\Programs\Python\Python312\Lib\site-packages\starlette\middleware\cors.py", line 93, in __call__
    |     await self.simple_response(scope, receive, send, request_headers=headers)
    |   File "C:\Users\mdjabeerahmed\AppData\Local\Programs\Python\Python312\Lib\site-packages\starlette\middleware\cors.py", line 144, in simple_response
    |     await self.app(scope, receive, send)
    |   File "C:\Users\mdjabeerahmed\AppData\Local\Programs\Python\Python312\Lib\site-packages\starlette\middleware\exceptions.py", line 62, in __call__
    |     await wrap_app_handling_exceptions(self.app, conn)(scope, receive, send)
    |   File "C:\Users\mdjabeerahmed\AppData\Local\Programs\Python\Python312\Lib\site-packages\starlette\_exception_handler.py", line 53, in wrapped_app
    |     raise exc
    |   File "C:\Users\mdjabeerahmed\AppData\Local\Programs\Python\Python312\Lib\site-packages\starlette\_exception_handler.py", line 42, in wrapped_app
    |     await app(scope, receive, sender)
    |   File "C:\Users\mdjabeerahmed\AppData\Local\Programs\Python\Python312\Lib\site-packages\starlette\routing.py", line 714, in __call__
    |     await self.middleware_stack(scope, receive, send)
    |   File "C:\Users\mdjabeerahmed\AppData\Local\Programs\Python\Python312\Lib\site-packages\starlette\routing.py", line 734, in app
    |     await route.handle(scope, receive, send)
    |   File "C:\Users\mdjabeerahmed\AppData\Local\Programs\Python\Python312\Lib\site-packages\starlette\routing.py", line 288, in handle
    |     await self.app(scope, receive, send)
    |   File "C:\Users\mdjabeerahmed\AppData\Local\Programs\Python\Python312\Lib\site-packages\starlette\routing.py", line 76, in app
    |     await wrap_app_handling_exceptions(app, request)(scope, receive, send)
    |   File "C:\Users\mdjabeerahmed\AppData\Local\Programs\Python\Python312\Lib\site-packages\starlette\_exception_handler.py", line 53, in wrapped_app
    |     raise exc
    |   File "C:\Users\mdjabeerahmed\AppData\Local\Programs\Python\Python312\Lib\site-packages\starlette\_exception_handler.py", line 42, in wrapped_app
    |     await app(scope, receive, sender)
    |   File "C:\Users\mdjabeerahmed\AppData\Local\Programs\Python\Python312\Lib\site-packages\starlette\routing.py", line 73, in app
    |     response = await f(request)
    |                ^^^^^^^^^^^^^^^^
    |   File "C:\Users\mdjabeerahmed\AppData\Local\Programs\Python\Python312\Lib\site-packages\fastapi\routing.py", line 301, in app
    |     raw_response = await run_endpoint_function(
    |                    ^^^^^^^^^^^^^^^^^^^^^^^^^^^^
    |   File "C:\Users\mdjabeerahmed\AppData\Local\Programs\Python\Python312\Lib\site-packages\fastapi\routing.py", line 214, in run_endpoint_function
    |     return await run_in_threadpool(dependant.call, **values)
    |            ^^^^^^^^^^^^^^^^^^^^^^^^^^^^^^^^^^^^^^^^^^^^^^^^^
    |   File "C:\Users\mdjabeerahmed\AppData\Local\Programs\Python\Python312\Lib\site-packages\starlette\concurrency.py", line 37, in run_in_threadpool
    |     return await anyio.to_thread.run_sync(func)
    |            ^^^^^^^^^^^^^^^^^^^^^^^^^^^^^^^^^^^^
    |   File "C:\Users\mdjabeerahmed\AppData\Local\Programs\Python\Python312\Lib\site-packages\anyio\to_thread.py", line 63, in run_sync
    |     return await get_async_backend().run_sync_in_worker_thread(
    |            ^^^^^^^^^^^^^^^^^^^^^^^^^^^^^^^^^^^^^^^^^^^^^^^^^^^^
    |   File "C:\Users\mdjabeerahmed\AppData\Local\Programs\Python\Python312\Lib\site-packages\anyio\_backends\_asyncio.py", line 2518, in run_sync_in_worker_thread
    |     return await future
    |            ^^^^^^^^^^^^
    |   File "C:\Users\mdjabeerahmed\AppData\Local\Programs\Python\Python312\Lib\site-packages\anyio\_backends\_asyncio.py", line 1002, in run
    |     result = context.run(func, *args)
    |              ^^^^^^^^^^^^^^^^^^^^^^^^
    |   File "C:\Users\mdjabeerahmed\OneDrive\Desktop\IMS\IMS\backend\app\api\v1\endpoints\class_teacher.py", line 12, in assign_teacher
    |     cls = db.query(Class).filter(Class.id == id).first()
    |           ^^^^^^^^
    | AttributeError: 'AsyncSession' object has no attribute 'query'
    +------------------------------------

During handling of the above exception, another exception occurred:

Traceback (most recent call last):
  File "C:\Users\mdjabeerahmed\AppData\Local\Programs\Python\Python312\Lib\site-packages\starlette\middleware\errors.py", line 165, in __call__
    await self.app(scope, receive, _send)
  File "C:\Users\mdjabeerahmed\AppData\Local\Programs\Python\Python312\Lib\site-packages\starlette\middleware\base.py", line 176, in __call__
    with recv_stream, send_stream, collapse_excgroups():
                                   ^^^^^^^^^^^^^^^^^^^^
  File "C:\Users\mdjabeerahmed\AppData\Local\Programs\Python\Python312\Lib\contextlib.py", line 158, in __exit__
    self.gen.throw(value)
  File "C:\Users\mdjabeerahmed\AppData\Local\Programs\Python\Python312\Lib\site-packages\starlette\_utils.py", line 82, in collapse_excgroups
    raise exc
  File "C:\Users\mdjabeerahmed\AppData\Local\Programs\Python\Python312\Lib\site-packages\starlette\middleware\base.py", line 178, in __call__
    response = await self.dispatch_func(request, call_next)
               ^^^^^^^^^^^^^^^^^^^^^^^^^^^^^^^^^^^^^^^^^^^^
  File "C:\Users\mdjabeerahmed\OneDrive\Desktop\IMS\IMS\backend\app\main.py", line 81, in log_requests
    response = await call_next(request)
               ^^^^^^^^^^^^^^^^^^^^^^^^
  File "C:\Users\mdjabeerahmed\AppData\Local\Programs\Python\Python312\Lib\site-packages\starlette\middleware\base.py", line 156, in call_next
    raise app_exc
  File "C:\Users\mdjabeerahmed\AppData\Local\Programs\Python\Python312\Lib\site-packages\starlette\middleware\base.py", line 141, in coro
    await self.app(scope, receive_or_disconnect, send_no_error)
  File "C:\Users\mdjabeerahmed\AppData\Local\Programs\Python\Python312\Lib\site-packages\starlette\middleware\cors.py", line 93, in __call__
    await self.simple_response(scope, receive, send, request_headers=headers)
  File "C:\Users\mdjabeerahmed\AppData\Local\Programs\Python\Python312\Lib\site-packages\starlette\middleware\cors.py", line 144, in simple_response
    await self.app(scope, receive, send)
  File "C:\Users\mdjabeerahmed\AppData\Local\Programs\Python\Python312\Lib\site-packages\starlette\middleware\exceptions.py", line 62, in __call__
    await wrap_app_handling_exceptions(self.app, conn)(scope, receive, send)
  File "C:\Users\mdjabeerahmed\AppData\Local\Programs\Python\Python312\Lib\site-packages\starlette\_exception_handler.py", line 53, in wrapped_app
    raise exc
  File "C:\Users\mdjabeerahmed\AppData\Local\Programs\Python\Python312\Lib\site-packages\starlette\_exception_handler.py", line 42, in wrapped_app
    await app(scope, receive, sender)
  File "C:\Users\mdjabeerahmed\AppData\Local\Programs\Python\Python312\Lib\site-packages\starlette\routing.py", line 714, in __call__
    await self.middleware_stack(scope, receive, send)
  File "C:\Users\mdjabeerahmed\AppData\Local\Programs\Python\Python312\Lib\site-packages\starlette\routing.py", line 734, in app
    await route.handle(scope, receive, send)
  File "C:\Users\mdjabeerahmed\AppData\Local\Programs\Python\Python312\Lib\site-packages\starlette\routing.py", line 288, in handle
    await self.app(scope, receive, send)
  File "C:\Users\mdjabeerahmed\AppData\Local\Programs\Python\Python312\Lib\site-packages\starlette\routing.py", line 76, in app
    await wrap_app_handling_exceptions(app, request)(scope, receive, send)
  File "C:\Users\mdjabeerahmed\AppData\Local\Programs\Python\Python312\Lib\site-packages\starlette\_exception_handler.py", line 53, in wrapped_app
    raise exc
  File "C:\Users\mdjabeerahmed\AppData\Local\Programs\Python\Python312\Lib\site-packages\starlette\_exception_handler.py", line 42, in wrapped_app
    await app(scope, receive, sender)
  File "C:\Users\mdjabeerahmed\AppData\Local\Programs\Python\Python312\Lib\site-packages\starlette\routing.py", line 73, in app
    response = await f(request)
               ^^^^^^^^^^^^^^^^
  File "C:\Users\mdjabeerahmed\AppData\Local\Programs\Python\Python312\Lib\site-packages\fastapi\routing.py", line 301, in app
    raw_response = await run_endpoint_function(
                   ^^^^^^^^^^^^^^^^^^^^^^^^^^^^
  File "C:\Users\mdjabeerahmed\AppData\Local\Programs\Python\Python312\Lib\site-packages\fastapi\routing.py", line 214, in run_endpoint_function
    return await run_in_threadpool(dependant.call, **values)
           ^^^^^^^^^^^^^^^^^^^^^^^^^^^^^^^^^^^^^^^^^^^^^^^^^
  File "C:\Users\mdjabeerahmed\AppData\Local\Programs\Python\Python312\Lib\site-packages\starlette\concurrency.py", line 37, in run_in_threadpool
    return await anyio.to_thread.run_sync(func)
           ^^^^^^^^^^^^^^^^^^^^^^^^^^^^^^^^^^^^
  File "C:\Users\mdjabeerahmed\AppData\Local\Programs\Python\Python312\Lib\site-packages\anyio\to_thread.py", line 63, in run_sync
    return await get_async_backend().run_sync_in_worker_thread(
           ^^^^^^^^^^^^^^^^^^^^^^^^^^^^^^^^^^^^^^^^^^^^^^^^^^^^
  File "C:\Users\mdjabeerahmed\AppData\Local\Programs\Python\Python312\Lib\site-packages\anyio\_backends\_asyncio.py", line 2518, in run_sync_in_worker_thread
    return await future
           ^^^^^^^^^^^^
  File "C:\Users\mdjabeerahmed\AppData\Local\Programs\Python\Python312\Lib\site-packages\anyio\_backends\_asyncio.py", line 1002, in run
    result = context.run(func, *args)
             ^^^^^^^^^^^^^^^^^^^^^^^^
  File "C:\Users\mdjabeerahmed\OneDrive\Desktop\IMS\IMS\backend\app\api\v1\endpoints\class_teacher.py", line 12, in assign_teacher
    cls = db.query(Class).filter(Class.id == id).first()
          ^^^^^^^^
AttributeError: 'AsyncSession' object has no attribute 'query'
[2026-04-19 18:33:32] [[32mINFO[0m] [ims] [info:106] PATCH /api/v1/classes/1/teacher
[2026-04-19 18:33:32] [[31mERROR[0m] [ims] [error:116] Unexpected exception: 'AsyncSession' object has no attribute 'query'
  + Exception Group Traceback (most recent call last):
  |   File "C:\Users\mdjabeerahmed\AppData\Local\Programs\Python\Python312\Lib\site-packages\starlette\_utils.py", line 76, in collapse_excgroups
  |     yield
  |   File "C:\Users\mdjabeerahmed\AppData\Local\Programs\Python\Python312\Lib\site-packages\starlette\middleware\base.py", line 177, in __call__
  |     async with anyio.create_task_group() as task_group:
  |                ^^^^^^^^^^^^^^^^^^^^^^^^^
  |   File "C:\Users\mdjabeerahmed\AppData\Local\Programs\Python\Python312\Lib\site-packages\anyio\_backends\_asyncio.py", line 799, in __aexit__
  |     raise BaseExceptionGroup(
  | ExceptionGroup: unhandled errors in a TaskGroup (1 sub-exception)
  +-+---------------- 1 ----------------
    | Traceback (most recent call last):
    |   File "C:\Users\mdjabeerahmed\AppData\Local\Programs\Python\Python312\Lib\site-packages\starlette\middleware\errors.py", line 165, in __call__
    |     await self.app(scope, receive, _send)
    |   File "C:\Users\mdjabeerahmed\AppData\Local\Programs\Python\Python312\Lib\site-packages\starlette\middleware\base.py", line 176, in __call__
    |     with recv_stream, send_stream, collapse_excgroups():
    |                                    ^^^^^^^^^^^^^^^^^^^^
    |   File "C:\Users\mdjabeerahmed\AppData\Local\Programs\Python\Python312\Lib\contextlib.py", line 158, in __exit__
    |     self.gen.throw(value)
    |   File "C:\Users\mdjabeerahmed\AppData\Local\Programs\Python\Python312\Lib\site-packages\starlette\_utils.py", line 82, in collapse_excgroups
    |     raise exc
    |   File "C:\Users\mdjabeerahmed\AppData\Local\Programs\Python\Python312\Lib\site-packages\starlette\middleware\base.py", line 178, in __call__
    |     response = await self.dispatch_func(request, call_next)
    |                ^^^^^^^^^^^^^^^^^^^^^^^^^^^^^^^^^^^^^^^^^^^^
    |   File "C:\Users\mdjabeerahmed\OneDrive\Desktop\IMS\IMS\backend\app\main.py", line 81, in log_requests
    |     response = await call_next(request)
    |                ^^^^^^^^^^^^^^^^^^^^^^^^
    |   File "C:\Users\mdjabeerahmed\AppData\Local\Programs\Python\Python312\Lib\site-packages\starlette\middleware\base.py", line 156, in call_next
    |     raise app_exc
    |   File "C:\Users\mdjabeerahmed\AppData\Local\Programs\Python\Python312\Lib\site-packages\starlette\middleware\base.py", line 141, in coro
    |     await self.app(scope, receive_or_disconnect, send_no_error)
    |   File "C:\Users\mdjabeerahmed\AppData\Local\Programs\Python\Python312\Lib\site-packages\starlette\middleware\cors.py", line 93, in __call__
    |     await self.simple_response(scope, receive, send, request_headers=headers)
    |   File "C:\Users\mdjabeerahmed\AppData\Local\Programs\Python\Python312\Lib\site-packages\starlette\middleware\cors.py", line 144, in simple_response
    |     await self.app(scope, receive, send)
    |   File "C:\Users\mdjabeerahmed\AppData\Local\Programs\Python\Python312\Lib\site-packages\starlette\middleware\exceptions.py", line 62, in __call__
    |     await wrap_app_handling_exceptions(self.app, conn)(scope, receive, send)
    |   File "C:\Users\mdjabeerahmed\AppData\Local\Programs\Python\Python312\Lib\site-packages\starlette\_exception_handler.py", line 53, in wrapped_app
    |     raise exc
    |   File "C:\Users\mdjabeerahmed\AppData\Local\Programs\Python\Python312\Lib\site-packages\starlette\_exception_handler.py", line 42, in wrapped_app
    |     await app(scope, receive, sender)
    |   File "C:\Users\mdjabeerahmed\AppData\Local\Programs\Python\Python312\Lib\site-packages\starlette\routing.py", line 714, in __call__
    |     await self.middleware_stack(scope, receive, send)
    |   File "C:\Users\mdjabeerahmed\AppData\Local\Programs\Python\Python312\Lib\site-packages\starlette\routing.py", line 734, in app
    |     await route.handle(scope, receive, send)
    |   File "C:\Users\mdjabeerahmed\AppData\Local\Programs\Python\Python312\Lib\site-packages\starlette\routing.py", line 288, in handle
    |     await self.app(scope, receive, send)
    |   File "C:\Users\mdjabeerahmed\AppData\Local\Programs\Python\Python312\Lib\site-packages\starlette\routing.py", line 76, in app
    |     await wrap_app_handling_exceptions(app, request)(scope, receive, send)
    |   File "C:\Users\mdjabeerahmed\AppData\Local\Programs\Python\Python312\Lib\site-packages\starlette\_exception_handler.py", line 53, in wrapped_app
    |     raise exc
    |   File "C:\Users\mdjabeerahmed\AppData\Local\Programs\Python\Python312\Lib\site-packages\starlette\_exception_handler.py", line 42, in wrapped_app
    |     await app(scope, receive, sender)
    |   File "C:\Users\mdjabeerahmed\AppData\Local\Programs\Python\Python312\Lib\site-packages\starlette\routing.py", line 73, in app
    |     response = await f(request)
    |                ^^^^^^^^^^^^^^^^
    |   File "C:\Users\mdjabeerahmed\AppData\Local\Programs\Python\Python312\Lib\site-packages\fastapi\routing.py", line 301, in app
    |     raw_response = await run_endpoint_function(
    |                    ^^^^^^^^^^^^^^^^^^^^^^^^^^^^
    |   File "C:\Users\mdjabeerahmed\AppData\Local\Programs\Python\Python312\Lib\site-packages\fastapi\routing.py", line 214, in run_endpoint_function
    |     return await run_in_threadpool(dependant.call, **values)
    |            ^^^^^^^^^^^^^^^^^^^^^^^^^^^^^^^^^^^^^^^^^^^^^^^^^
    |   File "C:\Users\mdjabeerahmed\AppData\Local\Programs\Python\Python312\Lib\site-packages\starlette\concurrency.py", line 37, in run_in_threadpool
    |     return await anyio.to_thread.run_sync(func)
    |            ^^^^^^^^^^^^^^^^^^^^^^^^^^^^^^^^^^^^
    |   File "C:\Users\mdjabeerahmed\AppData\Local\Programs\Python\Python312\Lib\site-packages\anyio\to_thread.py", line 63, in run_sync
    |     return await get_async_backend().run_sync_in_worker_thread(
    |            ^^^^^^^^^^^^^^^^^^^^^^^^^^^^^^^^^^^^^^^^^^^^^^^^^^^^
    |   File "C:\Users\mdjabeerahmed\AppData\Local\Programs\Python\Python312\Lib\site-packages\anyio\_backends\_asyncio.py", line 2518, in run_sync_in_worker_thread
    |     return await future
    |            ^^^^^^^^^^^^
    |   File "C:\Users\mdjabeerahmed\AppData\Local\Programs\Python\Python312\Lib\site-packages\anyio\_backends\_asyncio.py", line 1002, in run
    |     result = context.run(func, *args)
    |              ^^^^^^^^^^^^^^^^^^^^^^^^
    |   File "C:\Users\mdjabeerahmed\OneDrive\Desktop\IMS\IMS\backend\app\api\v1\endpoints\class_teacher.py", line 12, in assign_teacher
    |     cls = db.query(Class).filter(Class.id == id).first()
    |           ^^^^^^^^
    | AttributeError: 'AsyncSession' object has no attribute 'query'
    +------------------------------------

During handling of the above exception, another exception occurred:

Traceback (most recent call last):
  File "C:\Users\mdjabeerahmed\AppData\Local\Programs\Python\Python312\Lib\site-packages\starlette\middleware\errors.py", line 165, in __call__
    await self.app(scope, receive, _send)
  File "C:\Users\mdjabeerahmed\AppData\Local\Programs\Python\Python312\Lib\site-packages\starlette\middleware\base.py", line 176, in __call__
    with recv_stream, send_stream, collapse_excgroups():
                                   ^^^^^^^^^^^^^^^^^^^^
  File "C:\Users\mdjabeerahmed\AppData\Local\Programs\Python\Python312\Lib\contextlib.py", line 158, in __exit__
    self.gen.throw(value)
  File "C:\Users\mdjabeerahmed\AppData\Local\Programs\Python\Python312\Lib\site-packages\starlette\_utils.py", line 82, in collapse_excgroups
    raise exc
  File "C:\Users\mdjabeerahmed\AppData\Local\Programs\Python\Python312\Lib\site-packages\starlette\middleware\base.py", line 178, in __call__
    response = await self.dispatch_func(request, call_next)
               ^^^^^^^^^^^^^^^^^^^^^^^^^^^^^^^^^^^^^^^^^^^^
  File "C:\Users\mdjabeerahmed\OneDrive\Desktop\IMS\IMS\backend\app\main.py", line 81, in log_requests
    response = await call_next(request)
               ^^^^^^^^^^^^^^^^^^^^^^^^
  File "C:\Users\mdjabeerahmed\AppData\Local\Programs\Python\Python312\Lib\site-packages\starlette\middleware\base.py", line 156, in call_next
    raise app_exc
  File "C:\Users\mdjabeerahmed\AppData\Local\Programs\Python\Python312\Lib\site-packages\starlette\middleware\base.py", line 141, in coro
    await self.app(scope, receive_or_disconnect, send_no_error)
  File "C:\Users\mdjabeerahmed\AppData\Local\Programs\Python\Python312\Lib\site-packages\starlette\middleware\cors.py", line 93, in __call__
    await self.simple_response(scope, receive, send, request_headers=headers)
  File "C:\Users\mdjabeerahmed\AppData\Local\Programs\Python\Python312\Lib\site-packages\starlette\middleware\cors.py", line 144, in simple_response
    await self.app(scope, receive, send)
  File "C:\Users\mdjabeerahmed\AppData\Local\Programs\Python\Python312\Lib\site-packages\starlette\middleware\exceptions.py", line 62, in __call__
    await wrap_app_handling_exceptions(self.app, conn)(scope, receive, send)
  File "C:\Users\mdjabeerahmed\AppData\Local\Programs\Python\Python312\Lib\site-packages\starlette\_exception_handler.py", line 53, in wrapped_app
    raise exc
  File "C:\Users\mdjabeerahmed\AppData\Local\Programs\Python\Python312\Lib\site-packages\starlette\_exception_handler.py", line 42, in wrapped_app
    await app(scope, receive, sender)
  File "C:\Users\mdjabeerahmed\AppData\Local\Programs\Python\Python312\Lib\site-packages\starlette\routing.py", line 714, in __call__
    await self.middleware_stack(scope, receive, send)
  File "C:\Users\mdjabeerahmed\AppData\Local\Programs\Python\Python312\Lib\site-packages\starlette\routing.py", line 734, in app
    await route.handle(scope, receive, send)
  File "C:\Users\mdjabeerahmed\AppData\Local\Programs\Python\Python312\Lib\site-packages\starlette\routing.py", line 288, in handle
    await self.app(scope, receive, send)
  File "C:\Users\mdjabeerahmed\AppData\Local\Programs\Python\Python312\Lib\site-packages\starlette\routing.py", line 76, in app
    await wrap_app_handling_exceptions(app, request)(scope, receive, send)
  File "C:\Users\mdjabeerahmed\AppData\Local\Programs\Python\Python312\Lib\site-packages\starlette\_exception_handler.py", line 53, in wrapped_app
    raise exc
  File "C:\Users\mdjabeerahmed\AppData\Local\Programs\Python\Python312\Lib\site-packages\starlette\_exception_handler.py", line 42, in wrapped_app
    await app(scope, receive, sender)
  File "C:\Users\mdjabeerahmed\AppData\Local\Programs\Python\Python312\Lib\site-packages\starlette\routing.py", line 73, in app
    response = await f(request)
               ^^^^^^^^^^^^^^^^
  File "C:\Users\mdjabeerahmed\AppData\Local\Programs\Python\Python312\Lib\site-packages\fastapi\routing.py", line 301, in app
    raw_response = await run_endpoint_function(
                   ^^^^^^^^^^^^^^^^^^^^^^^^^^^^
  File "C:\Users\mdjabeerahmed\AppData\Local\Programs\Python\Python312\Lib\site-packages\fastapi\routing.py", line 214, in run_endpoint_function
    return await run_in_threadpool(dependant.call, **values)
           ^^^^^^^^^^^^^^^^^^^^^^^^^^^^^^^^^^^^^^^^^^^^^^^^^
  File "C:\Users\mdjabeerahmed\AppData\Local\Programs\Python\Python312\Lib\site-packages\starlette\concurrency.py", line 37, in run_in_threadpool
    return await anyio.to_thread.run_sync(func)
           ^^^^^^^^^^^^^^^^^^^^^^^^^^^^^^^^^^^^
  File "C:\Users\mdjabeerahmed\AppData\Local\Programs\Python\Python312\Lib\site-packages\anyio\to_thread.py", line 63, in run_sync
    return await get_async_backend().run_sync_in_worker_thread(
           ^^^^^^^^^^^^^^^^^^^^^^^^^^^^^^^^^^^^^^^^^^^^^^^^^^^^
  File "C:\Users\mdjabeerahmed\AppData\Local\Programs\Python\Python312\Lib\site-packages\anyio\_backends\_asyncio.py", line 2518, in run_sync_in_worker_thread
    return await future
           ^^^^^^^^^^^^
  File "C:\Users\mdjabeerahmed\AppData\Local\Programs\Python\Python312\Lib\site-packages\anyio\_backends\_asyncio.py", line 1002, in run
    result = context.run(func, *args)
             ^^^^^^^^^^^^^^^^^^^^^^^^
  File "C:\Users\mdjabeerahmed\OneDrive\Desktop\IMS\IMS\backend\app\api\v1\endpoints\class_teacher.py", line 12, in assign_teacher
    cls = db.query(Class).filter(Class.id == id).first()
          ^^^^^^^^
AttributeError: 'AsyncSession' object has no attribute 'query'
[2026-04-19 19:10:01] [[32mINFO[0m] [ims] [info:106] GET /api/v1/users/
[2026-04-19 19:10:01] [[31mERROR[0m] [ims] [error:116] Unexpected exception: 'AsyncSession' object has no attribute 'query'
  + Exception Group Traceback (most recent call last):
  |   File "C:\Users\mdjabeerahmed\AppData\Local\Programs\Python\Python312\Lib\site-packages\starlette\_utils.py", line 76, in collapse_excgroups
  |     yield
  |   File "C:\Users\mdjabeerahmed\AppData\Local\Programs\Python\Python312\Lib\site-packages\starlette\middleware\base.py", line 177, in __call__
  |     async with anyio.create_task_group() as task_group:
  |                ^^^^^^^^^^^^^^^^^^^^^^^^^
  |   File "C:\Users\mdjabeerahmed\AppData\Local\Programs\Python\Python312\Lib\site-packages\anyio\_backends\_asyncio.py", line 799, in __aexit__
  |     raise BaseExceptionGroup(
  | ExceptionGroup: unhandled errors in a TaskGroup (1 sub-exception)
  +-+---------------- 1 ----------------
    | Traceback (most recent call last):
    |   File "C:\Users\mdjabeerahmed\AppData\Local\Programs\Python\Python312\Lib\site-packages\starlette\middleware\errors.py", line 165, in __call__
    |     await self.app(scope, receive, _send)
    |   File "C:\Users\mdjabeerahmed\AppData\Local\Programs\Python\Python312\Lib\site-packages\starlette\middleware\base.py", line 176, in __call__
    |     with recv_stream, send_stream, collapse_excgroups():
    |                                    ^^^^^^^^^^^^^^^^^^^^
    |   File "C:\Users\mdjabeerahmed\AppData\Local\Programs\Python\Python312\Lib\contextlib.py", line 158, in __exit__
    |     self.gen.throw(value)
    |   File "C:\Users\mdjabeerahmed\AppData\Local\Programs\Python\Python312\Lib\site-packages\starlette\_utils.py", line 82, in collapse_excgroups
    |     raise exc
    |   File "C:\Users\mdjabeerahmed\AppData\Local\Programs\Python\Python312\Lib\site-packages\starlette\middleware\base.py", line 178, in __call__
    |     response = await self.dispatch_func(request, call_next)
    |                ^^^^^^^^^^^^^^^^^^^^^^^^^^^^^^^^^^^^^^^^^^^^
    |   File "C:\Users\mdjabeerahmed\OneDrive\Desktop\IMS\IMS\backend\app\main.py", line 81, in log_requests
    |     response = await call_next(request)
    |                ^^^^^^^^^^^^^^^^^^^^^^^^
    |   File "C:\Users\mdjabeerahmed\AppData\Local\Programs\Python\Python312\Lib\site-packages\starlette\middleware\base.py", line 156, in call_next
    |     raise app_exc
    |   File "C:\Users\mdjabeerahmed\AppData\Local\Programs\Python\Python312\Lib\site-packages\starlette\middleware\base.py", line 141, in coro
    |     await self.app(scope, receive_or_disconnect, send_no_error)
    |   File "C:\Users\mdjabeerahmed\AppData\Local\Programs\Python\Python312\Lib\site-packages\starlette\middleware\cors.py", line 85, in __call__
    |     await self.app(scope, receive, send)
    |   File "C:\Users\mdjabeerahmed\AppData\Local\Programs\Python\Python312\Lib\site-packages\starlette\middleware\exceptions.py", line 62, in __call__
    |     await wrap_app_handling_exceptions(self.app, conn)(scope, receive, send)
    |   File "C:\Users\mdjabeerahmed\AppData\Local\Programs\Python\Python312\Lib\site-packages\starlette\_exception_handler.py", line 53, in wrapped_app
    |     raise exc
    |   File "C:\Users\mdjabeerahmed\AppData\Local\Programs\Python\Python312\Lib\site-packages\starlette\_exception_handler.py", line 42, in wrapped_app
    |     await app(scope, receive, sender)
    |   File "C:\Users\mdjabeerahmed\AppData\Local\Programs\Python\Python312\Lib\site-packages\starlette\routing.py", line 714, in __call__
    |     await self.middleware_stack(scope, receive, send)
    |   File "C:\Users\mdjabeerahmed\AppData\Local\Programs\Python\Python312\Lib\site-packages\starlette\routing.py", line 734, in app
    |     await route.handle(scope, receive, send)
    |   File "C:\Users\mdjabeerahmed\AppData\Local\Programs\Python\Python312\Lib\site-packages\starlette\routing.py", line 288, in handle
    |     await self.app(scope, receive, send)
    |   File "C:\Users\mdjabeerahmed\AppData\Local\Programs\Python\Python312\Lib\site-packages\starlette\routing.py", line 76, in app
    |     await wrap_app_handling_exceptions(app, request)(scope, receive, send)
    |   File "C:\Users\mdjabeerahmed\AppData\Local\Programs\Python\Python312\Lib\site-packages\starlette\_exception_handler.py", line 53, in wrapped_app
    |     raise exc
    |   File "C:\Users\mdjabeerahmed\AppData\Local\Programs\Python\Python312\Lib\site-packages\starlette\_exception_handler.py", line 42, in wrapped_app
    |     await app(scope, receive, sender)
    |   File "C:\Users\mdjabeerahmed\AppData\Local\Programs\Python\Python312\Lib\site-packages\starlette\routing.py", line 73, in app
    |     response = await f(request)
    |                ^^^^^^^^^^^^^^^^
    |   File "C:\Users\mdjabeerahmed\AppData\Local\Programs\Python\Python312\Lib\site-packages\fastapi\routing.py", line 301, in app
    |     raw_response = await run_endpoint_function(
    |                    ^^^^^^^^^^^^^^^^^^^^^^^^^^^^
    |   File "C:\Users\mdjabeerahmed\AppData\Local\Programs\Python\Python312\Lib\site-packages\fastapi\routing.py", line 214, in run_endpoint_function
    |     return await run_in_threadpool(dependant.call, **values)
    |            ^^^^^^^^^^^^^^^^^^^^^^^^^^^^^^^^^^^^^^^^^^^^^^^^^
    |   File "C:\Users\mdjabeerahmed\AppData\Local\Programs\Python\Python312\Lib\site-packages\starlette\concurrency.py", line 37, in run_in_threadpool
    |     return await anyio.to_thread.run_sync(func)
    |            ^^^^^^^^^^^^^^^^^^^^^^^^^^^^^^^^^^^^
    |   File "C:\Users\mdjabeerahmed\AppData\Local\Programs\Python\Python312\Lib\site-packages\anyio\to_thread.py", line 63, in run_sync
    |     return await get_async_backend().run_sync_in_worker_thread(
    |            ^^^^^^^^^^^^^^^^^^^^^^^^^^^^^^^^^^^^^^^^^^^^^^^^^^^^
    |   File "C:\Users\mdjabeerahmed\AppData\Local\Programs\Python\Python312\Lib\site-packages\anyio\_backends\_asyncio.py", line 2518, in run_sync_in_worker_thread
    |     return await future
    |            ^^^^^^^^^^^^
    |   File "C:\Users\mdjabeerahmed\AppData\Local\Programs\Python\Python312\Lib\site-packages\anyio\_backends\_asyncio.py", line 1002, in run
    |     result = context.run(func, *args)
    |              ^^^^^^^^^^^^^^^^^^^^^^^^
    |   File "C:\Users\mdjabeerahmed\OneDrive\Desktop\IMS\IMS\backend\app\api\v1\endpoints\users.py", line 16, in get_users
    |     query = db.query(User)
    |             ^^^^^^^^
    | AttributeError: 'AsyncSession' object has no attribute 'query'
    +------------------------------------

During handling of the above exception, another exception occurred:

Traceback (most recent call last):
  File "C:\Users\mdjabeerahmed\AppData\Local\Programs\Python\Python312\Lib\site-packages\starlette\middleware\errors.py", line 165, in __call__
    await self.app(scope, receive, _send)
  File "C:\Users\mdjabeerahmed\AppData\Local\Programs\Python\Python312\Lib\site-packages\starlette\middleware\base.py", line 176, in __call__
    with recv_stream, send_stream, collapse_excgroups():
                                   ^^^^^^^^^^^^^^^^^^^^
  File "C:\Users\mdjabeerahmed\AppData\Local\Programs\Python\Python312\Lib\contextlib.py", line 158, in __exit__
    self.gen.throw(value)
  File "C:\Users\mdjabeerahmed\AppData\Local\Programs\Python\Python312\Lib\site-packages\starlette\_utils.py", line 82, in collapse_excgroups
    raise exc
  File "C:\Users\mdjabeerahmed\AppData\Local\Programs\Python\Python312\Lib\site-packages\starlette\middleware\base.py", line 178, in __call__
    response = await self.dispatch_func(request, call_next)
               ^^^^^^^^^^^^^^^^^^^^^^^^^^^^^^^^^^^^^^^^^^^^
  File "C:\Users\mdjabeerahmed\OneDrive\Desktop\IMS\IMS\backend\app\main.py", line 81, in log_requests
    response = await call_next(request)
               ^^^^^^^^^^^^^^^^^^^^^^^^
  File "C:\Users\mdjabeerahmed\AppData\Local\Programs\Python\Python312\Lib\site-packages\starlette\middleware\base.py", line 156, in call_next
    raise app_exc
  File "C:\Users\mdjabeerahmed\AppData\Local\Programs\Python\Python312\Lib\site-packages\starlette\middleware\base.py", line 141, in coro
    await self.app(scope, receive_or_disconnect, send_no_error)
  File "C:\Users\mdjabeerahmed\AppData\Local\Programs\Python\Python312\Lib\site-packages\starlette\middleware\cors.py", line 85, in __call__
    await self.app(scope, receive, send)
  File "C:\Users\mdjabeerahmed\AppData\Local\Programs\Python\Python312\Lib\site-packages\starlette\middleware\exceptions.py", line 62, in __call__
    await wrap_app_handling_exceptions(self.app, conn)(scope, receive, send)
  File "C:\Users\mdjabeerahmed\AppData\Local\Programs\Python\Python312\Lib\site-packages\starlette\_exception_handler.py", line 53, in wrapped_app
    raise exc
  File "C:\Users\mdjabeerahmed\AppData\Local\Programs\Python\Python312\Lib\site-packages\starlette\_exception_handler.py", line 42, in wrapped_app
    await app(scope, receive, sender)
  File "C:\Users\mdjabeerahmed\AppData\Local\Programs\Python\Python312\Lib\site-packages\starlette\routing.py", line 714, in __call__
    await self.middleware_stack(scope, receive, send)
  File "C:\Users\mdjabeerahmed\AppData\Local\Programs\Python\Python312\Lib\site-packages\starlette\routing.py", line 734, in app
    await route.handle(scope, receive, send)
  File "C:\Users\mdjabeerahmed\AppData\Local\Programs\Python\Python312\Lib\site-packages\starlette\routing.py", line 288, in handle
    await self.app(scope, receive, send)
  File "C:\Users\mdjabeerahmed\AppData\Local\Programs\Python\Python312\Lib\site-packages\starlette\routing.py", line 76, in app
    await wrap_app_handling_exceptions(app, request)(scope, receive, send)
  File "C:\Users\mdjabeerahmed\AppData\Local\Programs\Python\Python312\Lib\site-packages\starlette\_exception_handler.py", line 53, in wrapped_app
    raise exc
  File "C:\Users\mdjabeerahmed\AppData\Local\Programs\Python\Python312\Lib\site-packages\starlette\_exception_handler.py", line 42, in wrapped_app
    await app(scope, receive, sender)
  File "C:\Users\mdjabeerahmed\AppData\Local\Programs\Python\Python312\Lib\site-packages\starlette\routing.py", line 73, in app
    response = await f(request)
               ^^^^^^^^^^^^^^^^
  File "C:\Users\mdjabeerahmed\AppData\Local\Programs\Python\Python312\Lib\site-packages\fastapi\routing.py", line 301, in app
    raw_response = await run_endpoint_function(
                   ^^^^^^^^^^^^^^^^^^^^^^^^^^^^
  File "C:\Users\mdjabeerahmed\AppData\Local\Programs\Python\Python312\Lib\site-packages\fastapi\routing.py", line 214, in run_endpoint_function
    return await run_in_threadpool(dependant.call, **values)
           ^^^^^^^^^^^^^^^^^^^^^^^^^^^^^^^^^^^^^^^^^^^^^^^^^
  File "C:\Users\mdjabeerahmed\AppData\Local\Programs\Python\Python312\Lib\site-packages\starlette\concurrency.py", line 37, in run_in_threadpool
    return await anyio.to_thread.run_sync(func)
           ^^^^^^^^^^^^^^^^^^^^^^^^^^^^^^^^^^^^
  File "C:\Users\mdjabeerahmed\AppData\Local\Programs\Python\Python312\Lib\site-packages\anyio\to_thread.py", line 63, in run_sync
    return await get_async_backend().run_sync_in_worker_thread(
           ^^^^^^^^^^^^^^^^^^^^^^^^^^^^^^^^^^^^^^^^^^^^^^^^^^^^
  File "C:\Users\mdjabeerahmed\AppData\Local\Programs\Python\Python312\Lib\site-packages\anyio\_backends\_asyncio.py", line 2518, in run_sync_in_worker_thread
    return await future
           ^^^^^^^^^^^^
  File "C:\Users\mdjabeerahmed\AppData\Local\Programs\Python\Python312\Lib\site-packages\anyio\_backends\_asyncio.py", line 1002, in run
    result = context.run(func, *args)
             ^^^^^^^^^^^^^^^^^^^^^^^^
  File "C:\Users\mdjabeerahmed\OneDrive\Desktop\IMS\IMS\backend\app\api\v1\endpoints\users.py", line 16, in get_users
    query = db.query(User)
            ^^^^^^^^
AttributeError: 'AsyncSession' object has no attribute 'query'
[2026-04-19 19:12:41] [[32mINFO[0m] [ims] [info:106] GET /api/v1/users/
[2026-04-19 19:12:41] [[31mERROR[0m] [ims] [error:116] Unexpected exception: 'AsyncSession' object has no attribute 'query'
  + Exception Group Traceback (most recent call last):
  |   File "C:\Users\mdjabeerahmed\AppData\Local\Programs\Python\Python312\Lib\site-packages\starlette\_utils.py", line 76, in collapse_excgroups
  |     yield
  |   File "C:\Users\mdjabeerahmed\AppData\Local\Programs\Python\Python312\Lib\site-packages\starlette\middleware\base.py", line 177, in __call__
  |     async with anyio.create_task_group() as task_group:
  |                ^^^^^^^^^^^^^^^^^^^^^^^^^
  |   File "C:\Users\mdjabeerahmed\AppData\Local\Programs\Python\Python312\Lib\site-packages\anyio\_backends\_asyncio.py", line 799, in __aexit__
  |     raise BaseExceptionGroup(
  | ExceptionGroup: unhandled errors in a TaskGroup (1 sub-exception)
  +-+---------------- 1 ----------------
    | Traceback (most recent call last):
    |   File "C:\Users\mdjabeerahmed\AppData\Local\Programs\Python\Python312\Lib\site-packages\starlette\middleware\errors.py", line 165, in __call__
    |     await self.app(scope, receive, _send)
    |   File "C:\Users\mdjabeerahmed\AppData\Local\Programs\Python\Python312\Lib\site-packages\starlette\middleware\base.py", line 176, in __call__
    |     with recv_stream, send_stream, collapse_excgroups():
    |                                    ^^^^^^^^^^^^^^^^^^^^
    |   File "C:\Users\mdjabeerahmed\AppData\Local\Programs\Python\Python312\Lib\contextlib.py", line 158, in __exit__
    |     self.gen.throw(value)
    |   File "C:\Users\mdjabeerahmed\AppData\Local\Programs\Python\Python312\Lib\site-packages\starlette\_utils.py", line 82, in collapse_excgroups
    |     raise exc
    |   File "C:\Users\mdjabeerahmed\AppData\Local\Programs\Python\Python312\Lib\site-packages\starlette\middleware\base.py", line 178, in __call__
    |     response = await self.dispatch_func(request, call_next)
    |                ^^^^^^^^^^^^^^^^^^^^^^^^^^^^^^^^^^^^^^^^^^^^
    |   File "C:\Users\mdjabeerahmed\OneDrive\Desktop\IMS\IMS\backend\app\main.py", line 81, in log_requests
    |     response = await call_next(request)
    |                ^^^^^^^^^^^^^^^^^^^^^^^^
    |   File "C:\Users\mdjabeerahmed\AppData\Local\Programs\Python\Python312\Lib\site-packages\starlette\middleware\base.py", line 156, in call_next
    |     raise app_exc
    |   File "C:\Users\mdjabeerahmed\AppData\Local\Programs\Python\Python312\Lib\site-packages\starlette\middleware\base.py", line 141, in coro
    |     await self.app(scope, receive_or_disconnect, send_no_error)
    |   File "C:\Users\mdjabeerahmed\AppData\Local\Programs\Python\Python312\Lib\site-packages\starlette\middleware\cors.py", line 85, in __call__
    |     await self.app(scope, receive, send)
    |   File "C:\Users\mdjabeerahmed\AppData\Local\Programs\Python\Python312\Lib\site-packages\starlette\middleware\exceptions.py", line 62, in __call__
    |     await wrap_app_handling_exceptions(self.app, conn)(scope, receive, send)
    |   File "C:\Users\mdjabeerahmed\AppData\Local\Programs\Python\Python312\Lib\site-packages\starlette\_exception_handler.py", line 53, in wrapped_app
    |     raise exc
    |   File "C:\Users\mdjabeerahmed\AppData\Local\Programs\Python\Python312\Lib\site-packages\starlette\_exception_handler.py", line 42, in wrapped_app
    |     await app(scope, receive, sender)
    |   File "C:\Users\mdjabeerahmed\AppData\Local\Programs\Python\Python312\Lib\site-packages\starlette\routing.py", line 714, in __call__
    |     await self.middleware_stack(scope, receive, send)
    |   File "C:\Users\mdjabeerahmed\AppData\Local\Programs\Python\Python312\Lib\site-packages\starlette\routing.py", line 734, in app
    |     await route.handle(scope, receive, send)
    |   File "C:\Users\mdjabeerahmed\AppData\Local\Programs\Python\Python312\Lib\site-packages\starlette\routing.py", line 288, in handle
    |     await self.app(scope, receive, send)
    |   File "C:\Users\mdjabeerahmed\AppData\Local\Programs\Python\Python312\Lib\site-packages\starlette\routing.py", line 76, in app
    |     await wrap_app_handling_exceptions(app, request)(scope, receive, send)
    |   File "C:\Users\mdjabeerahmed\AppData\Local\Programs\Python\Python312\Lib\site-packages\starlette\_exception_handler.py", line 53, in wrapped_app
    |     raise exc
    |   File "C:\Users\mdjabeerahmed\AppData\Local\Programs\Python\Python312\Lib\site-packages\starlette\_exception_handler.py", line 42, in wrapped_app
    |     await app(scope, receive, sender)
    |   File "C:\Users\mdjabeerahmed\AppData\Local\Programs\Python\Python312\Lib\site-packages\starlette\routing.py", line 73, in app
    |     response = await f(request)
    |                ^^^^^^^^^^^^^^^^
    |   File "C:\Users\mdjabeerahmed\AppData\Local\Programs\Python\Python312\Lib\site-packages\fastapi\routing.py", line 301, in app
    |     raw_response = await run_endpoint_function(
    |                    ^^^^^^^^^^^^^^^^^^^^^^^^^^^^
    |   File "C:\Users\mdjabeerahmed\AppData\Local\Programs\Python\Python312\Lib\site-packages\fastapi\routing.py", line 214, in run_endpoint_function
    |     return await run_in_threadpool(dependant.call, **values)
    |            ^^^^^^^^^^^^^^^^^^^^^^^^^^^^^^^^^^^^^^^^^^^^^^^^^
    |   File "C:\Users\mdjabeerahmed\AppData\Local\Programs\Python\Python312\Lib\site-packages\starlette\concurrency.py", line 37, in run_in_threadpool
    |     return await anyio.to_thread.run_sync(func)
    |            ^^^^^^^^^^^^^^^^^^^^^^^^^^^^^^^^^^^^
    |   File "C:\Users\mdjabeerahmed\AppData\Local\Programs\Python\Python312\Lib\site-packages\anyio\to_thread.py", line 63, in run_sync
    |     return await get_async_backend().run_sync_in_worker_thread(
    |            ^^^^^^^^^^^^^^^^^^^^^^^^^^^^^^^^^^^^^^^^^^^^^^^^^^^^
    |   File "C:\Users\mdjabeerahmed\AppData\Local\Programs\Python\Python312\Lib\site-packages\anyio\_backends\_asyncio.py", line 2518, in run_sync_in_worker_thread
    |     return await future
    |            ^^^^^^^^^^^^
    |   File "C:\Users\mdjabeerahmed\AppData\Local\Programs\Python\Python312\Lib\site-packages\anyio\_backends\_asyncio.py", line 1002, in run
    |     result = context.run(func, *args)
    |              ^^^^^^^^^^^^^^^^^^^^^^^^
    |   File "C:\Users\mdjabeerahmed\OneDrive\Desktop\IMS\IMS\backend\app\api\v1\endpoints\users.py", line 16, in get_users
    |     query = db.query(User)
    |             ^^^^^^^^
    | AttributeError: 'AsyncSession' object has no attribute 'query'
    +------------------------------------

During handling of the above exception, another exception occurred:

Traceback (most recent call last):
  File "C:\Users\mdjabeerahmed\AppData\Local\Programs\Python\Python312\Lib\site-packages\starlette\middleware\errors.py", line 165, in __call__
    await self.app(scope, receive, _send)
  File "C:\Users\mdjabeerahmed\AppData\Local\Programs\Python\Python312\Lib\site-packages\starlette\middleware\base.py", line 176, in __call__
    with recv_stream, send_stream, collapse_excgroups():
                                   ^^^^^^^^^^^^^^^^^^^^
  File "C:\Users\mdjabeerahmed\AppData\Local\Programs\Python\Python312\Lib\contextlib.py", line 158, in __exit__
    self.gen.throw(value)
  File "C:\Users\mdjabeerahmed\AppData\Local\Programs\Python\Python312\Lib\site-packages\starlette\_utils.py", line 82, in collapse_excgroups
    raise exc
  File "C:\Users\mdjabeerahmed\AppData\Local\Programs\Python\Python312\Lib\site-packages\starlette\middleware\base.py", line 178, in __call__
    response = await self.dispatch_func(request, call_next)
               ^^^^^^^^^^^^^^^^^^^^^^^^^^^^^^^^^^^^^^^^^^^^
  File "C:\Users\mdjabeerahmed\OneDrive\Desktop\IMS\IMS\backend\app\main.py", line 81, in log_requests
    response = await call_next(request)
               ^^^^^^^^^^^^^^^^^^^^^^^^
  File "C:\Users\mdjabeerahmed\AppData\Local\Programs\Python\Python312\Lib\site-packages\starlette\middleware\base.py", line 156, in call_next
    raise app_exc
  File "C:\Users\mdjabeerahmed\AppData\Local\Programs\Python\Python312\Lib\site-packages\starlette\middleware\base.py", line 141, in coro
    await self.app(scope, receive_or_disconnect, send_no_error)
  File "C:\Users\mdjabeerahmed\AppData\Local\Programs\Python\Python312\Lib\site-packages\starlette\middleware\cors.py", line 85, in __call__
    await self.app(scope, receive, send)
  File "C:\Users\mdjabeerahmed\AppData\Local\Programs\Python\Python312\Lib\site-packages\starlette\middleware\exceptions.py", line 62, in __call__
    await wrap_app_handling_exceptions(self.app, conn)(scope, receive, send)
  File "C:\Users\mdjabeerahmed\AppData\Local\Programs\Python\Python312\Lib\site-packages\starlette\_exception_handler.py", line 53, in wrapped_app
    raise exc
  File "C:\Users\mdjabeerahmed\AppData\Local\Programs\Python\Python312\Lib\site-packages\starlette\_exception_handler.py", line 42, in wrapped_app
    await app(scope, receive, sender)
  File "C:\Users\mdjabeerahmed\AppData\Local\Programs\Python\Python312\Lib\site-packages\starlette\routing.py", line 714, in __call__
    await self.middleware_stack(scope, receive, send)
  File "C:\Users\mdjabeerahmed\AppData\Local\Programs\Python\Python312\Lib\site-packages\starlette\routing.py", line 734, in app
    await route.handle(scope, receive, send)
  File "C:\Users\mdjabeerahmed\AppData\Local\Programs\Python\Python312\Lib\site-packages\starlette\routing.py", line 288, in handle
    await self.app(scope, receive, send)
  File "C:\Users\mdjabeerahmed\AppData\Local\Programs\Python\Python312\Lib\site-packages\starlette\routing.py", line 76, in app
    await wrap_app_handling_exceptions(app, request)(scope, receive, send)
  File "C:\Users\mdjabeerahmed\AppData\Local\Programs\Python\Python312\Lib\site-packages\starlette\_exception_handler.py", line 53, in wrapped_app
    raise exc
  File "C:\Users\mdjabeerahmed\AppData\Local\Programs\Python\Python312\Lib\site-packages\starlette\_exception_handler.py", line 42, in wrapped_app
    await app(scope, receive, sender)
  File "C:\Users\mdjabeerahmed\AppData\Local\Programs\Python\Python312\Lib\site-packages\starlette\routing.py", line 73, in app
    response = await f(request)
               ^^^^^^^^^^^^^^^^
  File "C:\Users\mdjabeerahmed\AppData\Local\Programs\Python\Python312\Lib\site-packages\fastapi\routing.py", line 301, in app
    raw_response = await run_endpoint_function(
                   ^^^^^^^^^^^^^^^^^^^^^^^^^^^^
  File "C:\Users\mdjabeerahmed\AppData\Local\Programs\Python\Python312\Lib\site-packages\fastapi\routing.py", line 214, in run_endpoint_function
    return await run_in_threadpool(dependant.call, **values)
           ^^^^^^^^^^^^^^^^^^^^^^^^^^^^^^^^^^^^^^^^^^^^^^^^^
  File "C:\Users\mdjabeerahmed\AppData\Local\Programs\Python\Python312\Lib\site-packages\starlette\concurrency.py", line 37, in run_in_threadpool
    return await anyio.to_thread.run_sync(func)
           ^^^^^^^^^^^^^^^^^^^^^^^^^^^^^^^^^^^^
  File "C:\Users\mdjabeerahmed\AppData\Local\Programs\Python\Python312\Lib\site-packages\anyio\to_thread.py", line 63, in run_sync
    return await get_async_backend().run_sync_in_worker_thread(
           ^^^^^^^^^^^^^^^^^^^^^^^^^^^^^^^^^^^^^^^^^^^^^^^^^^^^
  File "C:\Users\mdjabeerahmed\AppData\Local\Programs\Python\Python312\Lib\site-packages\anyio\_backends\_asyncio.py", line 2518, in run_sync_in_worker_thread
    return await future
           ^^^^^^^^^^^^
  File "C:\Users\mdjabeerahmed\AppData\Local\Programs\Python\Python312\Lib\site-packages\anyio\_backends\_asyncio.py", line 1002, in run
    result = context.run(func, *args)
             ^^^^^^^^^^^^^^^^^^^^^^^^
  File "C:\Users\mdjabeerahmed\OneDrive\Desktop\IMS\IMS\backend\app\api\v1\endpoints\users.py", line 16, in get_users
    query = db.query(User)
            ^^^^^^^^
AttributeError: 'AsyncSession' object has no attribute 'query'
[2026-04-19 19:14:41] [[32mINFO[0m] [ims] [info:106] GET /api/v1/users/
[2026-04-19 19:14:41] [[31mERROR[0m] [ims] [error:116] Unexpected exception: 'AsyncSession' object has no attribute 'query'
  + Exception Group Traceback (most recent call last):
  |   File "C:\Users\mdjabeerahmed\AppData\Local\Programs\Python\Python312\Lib\site-packages\starlette\_utils.py", line 76, in collapse_excgroups
  |     yield
  |   File "C:\Users\mdjabeerahmed\AppData\Local\Programs\Python\Python312\Lib\site-packages\starlette\middleware\base.py", line 177, in __call__
  |     async with anyio.create_task_group() as task_group:
  |                ^^^^^^^^^^^^^^^^^^^^^^^^^
  |   File "C:\Users\mdjabeerahmed\AppData\Local\Programs\Python\Python312\Lib\site-packages\anyio\_backends\_asyncio.py", line 799, in __aexit__
  |     raise BaseExceptionGroup(
  | ExceptionGroup: unhandled errors in a TaskGroup (1 sub-exception)
  +-+---------------- 1 ----------------
    | Traceback (most recent call last):
    |   File "C:\Users\mdjabeerahmed\AppData\Local\Programs\Python\Python312\Lib\site-packages\starlette\middleware\errors.py", line 165, in __call__
    |     await self.app(scope, receive, _send)
    |   File "C:\Users\mdjabeerahmed\AppData\Local\Programs\Python\Python312\Lib\site-packages\starlette\middleware\base.py", line 176, in __call__
    |     with recv_stream, send_stream, collapse_excgroups():
    |                                    ^^^^^^^^^^^^^^^^^^^^
    |   File "C:\Users\mdjabeerahmed\AppData\Local\Programs\Python\Python312\Lib\contextlib.py", line 158, in __exit__
    |     self.gen.throw(value)
    |   File "C:\Users\mdjabeerahmed\AppData\Local\Programs\Python\Python312\Lib\site-packages\starlette\_utils.py", line 82, in collapse_excgroups
    |     raise exc
    |   File "C:\Users\mdjabeerahmed\AppData\Local\Programs\Python\Python312\Lib\site-packages\starlette\middleware\base.py", line 178, in __call__
    |     response = await self.dispatch_func(request, call_next)
    |                ^^^^^^^^^^^^^^^^^^^^^^^^^^^^^^^^^^^^^^^^^^^^
    |   File "C:\Users\mdjabeerahmed\OneDrive\Desktop\IMS\IMS\backend\app\main.py", line 81, in log_requests
    |     response = await call_next(request)
    |                ^^^^^^^^^^^^^^^^^^^^^^^^
    |   File "C:\Users\mdjabeerahmed\AppData\Local\Programs\Python\Python312\Lib\site-packages\starlette\middleware\base.py", line 156, in call_next
    |     raise app_exc
    |   File "C:\Users\mdjabeerahmed\AppData\Local\Programs\Python\Python312\Lib\site-packages\starlette\middleware\base.py", line 141, in coro
    |     await self.app(scope, receive_or_disconnect, send_no_error)
    |   File "C:\Users\mdjabeerahmed\AppData\Local\Programs\Python\Python312\Lib\site-packages\starlette\middleware\cors.py", line 85, in __call__
    |     await self.app(scope, receive, send)
    |   File "C:\Users\mdjabeerahmed\AppData\Local\Programs\Python\Python312\Lib\site-packages\starlette\middleware\exceptions.py", line 62, in __call__
    |     await wrap_app_handling_exceptions(self.app, conn)(scope, receive, send)
    |   File "C:\Users\mdjabeerahmed\AppData\Local\Programs\Python\Python312\Lib\site-packages\starlette\_exception_handler.py", line 53, in wrapped_app
    |     raise exc
    |   File "C:\Users\mdjabeerahmed\AppData\Local\Programs\Python\Python312\Lib\site-packages\starlette\_exception_handler.py", line 42, in wrapped_app
    |     await app(scope, receive, sender)
    |   File "C:\Users\mdjabeerahmed\AppData\Local\Programs\Python\Python312\Lib\site-packages\starlette\routing.py", line 714, in __call__
    |     await self.middleware_stack(scope, receive, send)
    |   File "C:\Users\mdjabeerahmed\AppData\Local\Programs\Python\Python312\Lib\site-packages\starlette\routing.py", line 734, in app
    |     await route.handle(scope, receive, send)
    |   File "C:\Users\mdjabeerahmed\AppData\Local\Programs\Python\Python312\Lib\site-packages\starlette\routing.py", line 288, in handle
    |     await self.app(scope, receive, send)
    |   File "C:\Users\mdjabeerahmed\AppData\Local\Programs\Python\Python312\Lib\site-packages\starlette\routing.py", line 76, in app
    |     await wrap_app_handling_exceptions(app, request)(scope, receive, send)
    |   File "C:\Users\mdjabeerahmed\AppData\Local\Programs\Python\Python312\Lib\site-packages\starlette\_exception_handler.py", line 53, in wrapped_app
    |     raise exc
    |   File "C:\Users\mdjabeerahmed\AppData\Local\Programs\Python\Python312\Lib\site-packages\starlette\_exception_handler.py", line 42, in wrapped_app
    |     await app(scope, receive, sender)
    |   File "C:\Users\mdjabeerahmed\AppData\Local\Programs\Python\Python312\Lib\site-packages\starlette\routing.py", line 73, in app
    |     response = await f(request)
    |                ^^^^^^^^^^^^^^^^
    |   File "C:\Users\mdjabeerahmed\AppData\Local\Programs\Python\Python312\Lib\site-packages\fastapi\routing.py", line 301, in app
    |     raw_response = await run_endpoint_function(
    |                    ^^^^^^^^^^^^^^^^^^^^^^^^^^^^
    |   File "C:\Users\mdjabeerahmed\AppData\Local\Programs\Python\Python312\Lib\site-packages\fastapi\routing.py", line 214, in run_endpoint_function
    |     return await run_in_threadpool(dependant.call, **values)
    |            ^^^^^^^^^^^^^^^^^^^^^^^^^^^^^^^^^^^^^^^^^^^^^^^^^
    |   File "C:\Users\mdjabeerahmed\AppData\Local\Programs\Python\Python312\Lib\site-packages\starlette\concurrency.py", line 37, in run_in_threadpool
    |     return await anyio.to_thread.run_sync(func)
    |            ^^^^^^^^^^^^^^^^^^^^^^^^^^^^^^^^^^^^
    |   File "C:\Users\mdjabeerahmed\AppData\Local\Programs\Python\Python312\Lib\site-packages\anyio\to_thread.py", line 63, in run_sync
    |     return await get_async_backend().run_sync_in_worker_thread(
    |            ^^^^^^^^^^^^^^^^^^^^^^^^^^^^^^^^^^^^^^^^^^^^^^^^^^^^
    |   File "C:\Users\mdjabeerahmed\AppData\Local\Programs\Python\Python312\Lib\site-packages\anyio\_backends\_asyncio.py", line 2518, in run_sync_in_worker_thread
    |     return await future
    |            ^^^^^^^^^^^^
    |   File "C:\Users\mdjabeerahmed\AppData\Local\Programs\Python\Python312\Lib\site-packages\anyio\_backends\_asyncio.py", line 1002, in run
    |     result = context.run(func, *args)
    |              ^^^^^^^^^^^^^^^^^^^^^^^^
    |   File "C:\Users\mdjabeerahmed\OneDrive\Desktop\IMS\IMS\backend\app\api\v1\endpoints\users.py", line 16, in get_users
    |     query = db.query(User)
    |             ^^^^^^^^
    | AttributeError: 'AsyncSession' object has no attribute 'query'
    +------------------------------------

During handling of the above exception, another exception occurred:

Traceback (most recent call last):
  File "C:\Users\mdjabeerahmed\AppData\Local\Programs\Python\Python312\Lib\site-packages\starlette\middleware\errors.py", line 165, in __call__
    await self.app(scope, receive, _send)
  File "C:\Users\mdjabeerahmed\AppData\Local\Programs\Python\Python312\Lib\site-packages\starlette\middleware\base.py", line 176, in __call__
    with recv_stream, send_stream, collapse_excgroups():
                                   ^^^^^^^^^^^^^^^^^^^^
  File "C:\Users\mdjabeerahmed\AppData\Local\Programs\Python\Python312\Lib\contextlib.py", line 158, in __exit__
    self.gen.throw(value)
  File "C:\Users\mdjabeerahmed\AppData\Local\Programs\Python\Python312\Lib\site-packages\starlette\_utils.py", line 82, in collapse_excgroups
    raise exc
  File "C:\Users\mdjabeerahmed\AppData\Local\Programs\Python\Python312\Lib\site-packages\starlette\middleware\base.py", line 178, in __call__
    response = await self.dispatch_func(request, call_next)
               ^^^^^^^^^^^^^^^^^^^^^^^^^^^^^^^^^^^^^^^^^^^^
  File "C:\Users\mdjabeerahmed\OneDrive\Desktop\IMS\IMS\backend\app\main.py", line 81, in log_requests
    response = await call_next(request)
               ^^^^^^^^^^^^^^^^^^^^^^^^
  File "C:\Users\mdjabeerahmed\AppData\Local\Programs\Python\Python312\Lib\site-packages\starlette\middleware\base.py", line 156, in call_next
    raise app_exc
  File "C:\Users\mdjabeerahmed\AppData\Local\Programs\Python\Python312\Lib\site-packages\starlette\middleware\base.py", line 141, in coro
    await self.app(scope, receive_or_disconnect, send_no_error)
  File "C:\Users\mdjabeerahmed\AppData\Local\Programs\Python\Python312\Lib\site-packages\starlette\middleware\cors.py", line 85, in __call__
    await self.app(scope, receive, send)
  File "C:\Users\mdjabeerahmed\AppData\Local\Programs\Python\Python312\Lib\site-packages\starlette\middleware\exceptions.py", line 62, in __call__
    await wrap_app_handling_exceptions(self.app, conn)(scope, receive, send)
  File "C:\Users\mdjabeerahmed\AppData\Local\Programs\Python\Python312\Lib\site-packages\starlette\_exception_handler.py", line 53, in wrapped_app
    raise exc
  File "C:\Users\mdjabeerahmed\AppData\Local\Programs\Python\Python312\Lib\site-packages\starlette\_exception_handler.py", line 42, in wrapped_app
    await app(scope, receive, sender)
  File "C:\Users\mdjabeerahmed\AppData\Local\Programs\Python\Python312\Lib\site-packages\starlette\routing.py", line 714, in __call__
    await self.middleware_stack(scope, receive, send)
  File "C:\Users\mdjabeerahmed\AppData\Local\Programs\Python\Python312\Lib\site-packages\starlette\routing.py", line 734, in app
    await route.handle(scope, receive, send)
  File "C:\Users\mdjabeerahmed\AppData\Local\Programs\Python\Python312\Lib\site-packages\starlette\routing.py", line 288, in handle
    await self.app(scope, receive, send)
  File "C:\Users\mdjabeerahmed\AppData\Local\Programs\Python\Python312\Lib\site-packages\starlette\routing.py", line 76, in app
    await wrap_app_handling_exceptions(app, request)(scope, receive, send)
  File "C:\Users\mdjabeerahmed\AppData\Local\Programs\Python\Python312\Lib\site-packages\starlette\_exception_handler.py", line 53, in wrapped_app
    raise exc
  File "C:\Users\mdjabeerahmed\AppData\Local\Programs\Python\Python312\Lib\site-packages\starlette\_exception_handler.py", line 42, in wrapped_app
    await app(scope, receive, sender)
  File "C:\Users\mdjabeerahmed\AppData\Local\Programs\Python\Python312\Lib\site-packages\starlette\routing.py", line 73, in app
    response = await f(request)
               ^^^^^^^^^^^^^^^^
  File "C:\Users\mdjabeerahmed\AppData\Local\Programs\Python\Python312\Lib\site-packages\fastapi\routing.py", line 301, in app
    raw_response = await run_endpoint_function(
                   ^^^^^^^^^^^^^^^^^^^^^^^^^^^^
  File "C:\Users\mdjabeerahmed\AppData\Local\Programs\Python\Python312\Lib\site-packages\fastapi\routing.py", line 214, in run_endpoint_function
    return await run_in_threadpool(dependant.call, **values)
           ^^^^^^^^^^^^^^^^^^^^^^^^^^^^^^^^^^^^^^^^^^^^^^^^^
  File "C:\Users\mdjabeerahmed\AppData\Local\Programs\Python\Python312\Lib\site-packages\starlette\concurrency.py", line 37, in run_in_threadpool
    return await anyio.to_thread.run_sync(func)
           ^^^^^^^^^^^^^^^^^^^^^^^^^^^^^^^^^^^^
  File "C:\Users\mdjabeerahmed\AppData\Local\Programs\Python\Python312\Lib\site-packages\anyio\to_thread.py", line 63, in run_sync
    return await get_async_backend().run_sync_in_worker_thread(
           ^^^^^^^^^^^^^^^^^^^^^^^^^^^^^^^^^^^^^^^^^^^^^^^^^^^^
  File "C:\Users\mdjabeerahmed\AppData\Local\Programs\Python\Python312\Lib\site-packages\anyio\_backends\_asyncio.py", line 2518, in run_sync_in_worker_thread
    return await future
           ^^^^^^^^^^^^
  File "C:\Users\mdjabeerahmed\AppData\Local\Programs\Python\Python312\Lib\site-packages\anyio\_backends\_asyncio.py", line 1002, in run
    result = context.run(func, *args)
             ^^^^^^^^^^^^^^^^^^^^^^^^
  File "C:\Users\mdjabeerahmed\OneDrive\Desktop\IMS\IMS\backend\app\api\v1\endpoints\users.py", line 16, in get_users
    query = db.query(User)
            ^^^^^^^^
AttributeError: 'AsyncSession' object has no attribute 'query'
[2026-04-19 19:15:18] [[32mINFO[0m] [ims] [info:106] GET /api/v1/users/
[2026-04-19 19:15:18] [[31mERROR[0m] [ims] [error:116] Unexpected exception: 'AsyncSession' object has no attribute 'query'
  + Exception Group Traceback (most recent call last):
  |   File "C:\Users\mdjabeerahmed\AppData\Local\Programs\Python\Python312\Lib\site-packages\starlette\_utils.py", line 76, in collapse_excgroups
  |     yield
  |   File "C:\Users\mdjabeerahmed\AppData\Local\Programs\Python\Python312\Lib\site-packages\starlette\middleware\base.py", line 177, in __call__
  |     async with anyio.create_task_group() as task_group:
  |                ^^^^^^^^^^^^^^^^^^^^^^^^^
  |   File "C:\Users\mdjabeerahmed\AppData\Local\Programs\Python\Python312\Lib\site-packages\anyio\_backends\_asyncio.py", line 799, in __aexit__
  |     raise BaseExceptionGroup(
  | ExceptionGroup: unhandled errors in a TaskGroup (1 sub-exception)
  +-+---------------- 1 ----------------
    | Traceback (most recent call last):
    |   File "C:\Users\mdjabeerahmed\AppData\Local\Programs\Python\Python312\Lib\site-packages\starlette\middleware\errors.py", line 165, in __call__
    |     await self.app(scope, receive, _send)
    |   File "C:\Users\mdjabeerahmed\AppData\Local\Programs\Python\Python312\Lib\site-packages\starlette\middleware\base.py", line 176, in __call__
    |     with recv_stream, send_stream, collapse_excgroups():
    |                                    ^^^^^^^^^^^^^^^^^^^^
    |   File "C:\Users\mdjabeerahmed\AppData\Local\Programs\Python\Python312\Lib\contextlib.py", line 158, in __exit__
    |     self.gen.throw(value)
    |   File "C:\Users\mdjabeerahmed\AppData\Local\Programs\Python\Python312\Lib\site-packages\starlette\_utils.py", line 82, in collapse_excgroups
    |     raise exc
    |   File "C:\Users\mdjabeerahmed\AppData\Local\Programs\Python\Python312\Lib\site-packages\starlette\middleware\base.py", line 178, in __call__
    |     response = await self.dispatch_func(request, call_next)
    |                ^^^^^^^^^^^^^^^^^^^^^^^^^^^^^^^^^^^^^^^^^^^^
    |   File "C:\Users\mdjabeerahmed\OneDrive\Desktop\IMS\IMS\backend\app\main.py", line 81, in log_requests
    |     response = await call_next(request)
    |                ^^^^^^^^^^^^^^^^^^^^^^^^
    |   File "C:\Users\mdjabeerahmed\AppData\Local\Programs\Python\Python312\Lib\site-packages\starlette\middleware\base.py", line 156, in call_next
    |     raise app_exc
    |   File "C:\Users\mdjabeerahmed\AppData\Local\Programs\Python\Python312\Lib\site-packages\starlette\middleware\base.py", line 141, in coro
    |     await self.app(scope, receive_or_disconnect, send_no_error)
    |   File "C:\Users\mdjabeerahmed\AppData\Local\Programs\Python\Python312\Lib\site-packages\starlette\middleware\cors.py", line 85, in __call__
    |     await self.app(scope, receive, send)
    |   File "C:\Users\mdjabeerahmed\AppData\Local\Programs\Python\Python312\Lib\site-packages\starlette\middleware\exceptions.py", line 62, in __call__
    |     await wrap_app_handling_exceptions(self.app, conn)(scope, receive, send)
    |   File "C:\Users\mdjabeerahmed\AppData\Local\Programs\Python\Python312\Lib\site-packages\starlette\_exception_handler.py", line 53, in wrapped_app
    |     raise exc
    |   File "C:\Users\mdjabeerahmed\AppData\Local\Programs\Python\Python312\Lib\site-packages\starlette\_exception_handler.py", line 42, in wrapped_app
    |     await app(scope, receive, sender)
    |   File "C:\Users\mdjabeerahmed\AppData\Local\Programs\Python\Python312\Lib\site-packages\starlette\routing.py", line 714, in __call__
    |     await self.middleware_stack(scope, receive, send)
    |   File "C:\Users\mdjabeerahmed\AppData\Local\Programs\Python\Python312\Lib\site-packages\starlette\routing.py", line 734, in app
    |     await route.handle(scope, receive, send)
    |   File "C:\Users\mdjabeerahmed\AppData\Local\Programs\Python\Python312\Lib\site-packages\starlette\routing.py", line 288, in handle
    |     await self.app(scope, receive, send)
    |   File "C:\Users\mdjabeerahmed\AppData\Local\Programs\Python\Python312\Lib\site-packages\starlette\routing.py", line 76, in app
    |     await wrap_app_handling_exceptions(app, request)(scope, receive, send)
    |   File "C:\Users\mdjabeerahmed\AppData\Local\Programs\Python\Python312\Lib\site-packages\starlette\_exception_handler.py", line 53, in wrapped_app
    |     raise exc
    |   File "C:\Users\mdjabeerahmed\AppData\Local\Programs\Python\Python312\Lib\site-packages\starlette\_exception_handler.py", line 42, in wrapped_app
    |     await app(scope, receive, sender)
    |   File "C:\Users\mdjabeerahmed\AppData\Local\Programs\Python\Python312\Lib\site-packages\starlette\routing.py", line 73, in app
    |     response = await f(request)
    |                ^^^^^^^^^^^^^^^^
    |   File "C:\Users\mdjabeerahmed\AppData\Local\Programs\Python\Python312\Lib\site-packages\fastapi\routing.py", line 301, in app
    |     raw_response = await run_endpoint_function(
    |                    ^^^^^^^^^^^^^^^^^^^^^^^^^^^^
    |   File "C:\Users\mdjabeerahmed\AppData\Local\Programs\Python\Python312\Lib\site-packages\fastapi\routing.py", line 214, in run_endpoint_function
    |     return await run_in_threadpool(dependant.call, **values)
    |            ^^^^^^^^^^^^^^^^^^^^^^^^^^^^^^^^^^^^^^^^^^^^^^^^^
    |   File "C:\Users\mdjabeerahmed\AppData\Local\Programs\Python\Python312\Lib\site-packages\starlette\concurrency.py", line 37, in run_in_threadpool
    |     return await anyio.to_thread.run_sync(func)
    |            ^^^^^^^^^^^^^^^^^^^^^^^^^^^^^^^^^^^^
    |   File "C:\Users\mdjabeerahmed\AppData\Local\Programs\Python\Python312\Lib\site-packages\anyio\to_thread.py", line 63, in run_sync
    |     return await get_async_backend().run_sync_in_worker_thread(
    |            ^^^^^^^^^^^^^^^^^^^^^^^^^^^^^^^^^^^^^^^^^^^^^^^^^^^^
    |   File "C:\Users\mdjabeerahmed\AppData\Local\Programs\Python\Python312\Lib\site-packages\anyio\_backends\_asyncio.py", line 2518, in run_sync_in_worker_thread
    |     return await future
    |            ^^^^^^^^^^^^
    |   File "C:\Users\mdjabeerahmed\AppData\Local\Programs\Python\Python312\Lib\site-packages\anyio\_backends\_asyncio.py", line 1002, in run
    |     result = context.run(func, *args)
    |              ^^^^^^^^^^^^^^^^^^^^^^^^
    |   File "C:\Users\mdjabeerahmed\OneDrive\Desktop\IMS\IMS\backend\app\api\v1\endpoints\users.py", line 16, in get_users
    |     query = db.query(User)
    |             ^^^^^^^^
    | AttributeError: 'AsyncSession' object has no attribute 'query'
    +------------------------------------

During handling of the above exception, another exception occurred:

Traceback (most recent call last):
  File "C:\Users\mdjabeerahmed\AppData\Local\Programs\Python\Python312\Lib\site-packages\starlette\middleware\errors.py", line 165, in __call__
    await self.app(scope, receive, _send)
  File "C:\Users\mdjabeerahmed\AppData\Local\Programs\Python\Python312\Lib\site-packages\starlette\middleware\base.py", line 176, in __call__
    with recv_stream, send_stream, collapse_excgroups():
                                   ^^^^^^^^^^^^^^^^^^^^
  File "C:\Users\mdjabeerahmed\AppData\Local\Programs\Python\Python312\Lib\contextlib.py", line 158, in __exit__
    self.gen.throw(value)
  File "C:\Users\mdjabeerahmed\AppData\Local\Programs\Python\Python312\Lib\site-packages\starlette\_utils.py", line 82, in collapse_excgroups
    raise exc
  File "C:\Users\mdjabeerahmed\AppData\Local\Programs\Python\Python312\Lib\site-packages\starlette\middleware\base.py", line 178, in __call__
    response = await self.dispatch_func(request, call_next)
               ^^^^^^^^^^^^^^^^^^^^^^^^^^^^^^^^^^^^^^^^^^^^
  File "C:\Users\mdjabeerahmed\OneDrive\Desktop\IMS\IMS\backend\app\main.py", line 81, in log_requests
    response = await call_next(request)
               ^^^^^^^^^^^^^^^^^^^^^^^^
  File "C:\Users\mdjabeerahmed\AppData\Local\Programs\Python\Python312\Lib\site-packages\starlette\middleware\base.py", line 156, in call_next
    raise app_exc
  File "C:\Users\mdjabeerahmed\AppData\Local\Programs\Python\Python312\Lib\site-packages\starlette\middleware\base.py", line 141, in coro
    await self.app(scope, receive_or_disconnect, send_no_error)
  File "C:\Users\mdjabeerahmed\AppData\Local\Programs\Python\Python312\Lib\site-packages\starlette\middleware\cors.py", line 85, in __call__
    await self.app(scope, receive, send)
  File "C:\Users\mdjabeerahmed\AppData\Local\Programs\Python\Python312\Lib\site-packages\starlette\middleware\exceptions.py", line 62, in __call__
    await wrap_app_handling_exceptions(self.app, conn)(scope, receive, send)
  File "C:\Users\mdjabeerahmed\AppData\Local\Programs\Python\Python312\Lib\site-packages\starlette\_exception_handler.py", line 53, in wrapped_app
    raise exc
  File "C:\Users\mdjabeerahmed\AppData\Local\Programs\Python\Python312\Lib\site-packages\starlette\_exception_handler.py", line 42, in wrapped_app
    await app(scope, receive, sender)
  File "C:\Users\mdjabeerahmed\AppData\Local\Programs\Python\Python312\Lib\site-packages\starlette\routing.py", line 714, in __call__
    await self.middleware_stack(scope, receive, send)
  File "C:\Users\mdjabeerahmed\AppData\Local\Programs\Python\Python312\Lib\site-packages\starlette\routing.py", line 734, in app
    await route.handle(scope, receive, send)
  File "C:\Users\mdjabeerahmed\AppData\Local\Programs\Python\Python312\Lib\site-packages\starlette\routing.py", line 288, in handle
    await self.app(scope, receive, send)
  File "C:\Users\mdjabeerahmed\AppData\Local\Programs\Python\Python312\Lib\site-packages\starlette\routing.py", line 76, in app
    await wrap_app_handling_exceptions(app, request)(scope, receive, send)
  File "C:\Users\mdjabeerahmed\AppData\Local\Programs\Python\Python312\Lib\site-packages\starlette\_exception_handler.py", line 53, in wrapped_app
    raise exc
  File "C:\Users\mdjabeerahmed\AppData\Local\Programs\Python\Python312\Lib\site-packages\starlette\_exception_handler.py", line 42, in wrapped_app
    await app(scope, receive, sender)
  File "C:\Users\mdjabeerahmed\AppData\Local\Programs\Python\Python312\Lib\site-packages\starlette\routing.py", line 73, in app
    response = await f(request)
               ^^^^^^^^^^^^^^^^
  File "C:\Users\mdjabeerahmed\AppData\Local\Programs\Python\Python312\Lib\site-packages\fastapi\routing.py", line 301, in app
    raw_response = await run_endpoint_function(
                   ^^^^^^^^^^^^^^^^^^^^^^^^^^^^
  File "C:\Users\mdjabeerahmed\AppData\Local\Programs\Python\Python312\Lib\site-packages\fastapi\routing.py", line 214, in run_endpoint_function
    return await run_in_threadpool(dependant.call, **values)
           ^^^^^^^^^^^^^^^^^^^^^^^^^^^^^^^^^^^^^^^^^^^^^^^^^
  File "C:\Users\mdjabeerahmed\AppData\Local\Programs\Python\Python312\Lib\site-packages\starlette\concurrency.py", line 37, in run_in_threadpool
    return await anyio.to_thread.run_sync(func)
           ^^^^^^^^^^^^^^^^^^^^^^^^^^^^^^^^^^^^
  File "C:\Users\mdjabeerahmed\AppData\Local\Programs\Python\Python312\Lib\site-packages\anyio\to_thread.py", line 63, in run_sync
    return await get_async_backend().run_sync_in_worker_thread(
           ^^^^^^^^^^^^^^^^^^^^^^^^^^^^^^^^^^^^^^^^^^^^^^^^^^^^
  File "C:\Users\mdjabeerahmed\AppData\Local\Programs\Python\Python312\Lib\site-packages\anyio\_backends\_asyncio.py", line 2518, in run_sync_in_worker_thread
    return await future
           ^^^^^^^^^^^^
  File "C:\Users\mdjabeerahmed\AppData\Local\Programs\Python\Python312\Lib\site-packages\anyio\_backends\_asyncio.py", line 1002, in run
    result = context.run(func, *args)
             ^^^^^^^^^^^^^^^^^^^^^^^^
  File "C:\Users\mdjabeerahmed\OneDrive\Desktop\IMS\IMS\backend\app\api\v1\endpoints\users.py", line 16, in get_users
    query = db.query(User)
            ^^^^^^^^
AttributeError: 'AsyncSession' object has no attribute 'query'
[2026-04-19 19:17:02] [[32mINFO[0m] [ims] [info:106] Shutting down IMS Backend...
[2026-04-19 19:17:02] [[32mINFO[0m] [ims] [info:106] Database connections closed
[2026-04-19 19:17:04] [[32mINFO[0m] [ims] [info:106] Shutting down IMS Backend...
[2026-04-19 19:17:04] [[32mINFO[0m] [ims] [info:106] Database connections closed
[2026-04-19 19:17:14] [[32mINFO[0m] [ims] [info:106] Shutting down IMS Backend...
[2026-04-19 19:17:14] [[32mINFO[0m] [ims] [info:106] Database connections closed
[2026-04-19 19:17:22] [[32mINFO[0m] [ims] [info:106] Starting IMS Backend...
[2026-04-19 19:17:22] [[32mINFO[0m] [ims] [info:106] Environment: Development
[2026-04-19 19:17:25] [[32mINFO[0m] [ims] [info:106] Database initialized successfully
[2026-04-19 19:17:34] [[32mINFO[0m] [ims] [info:106] Starting IMS Backend...
[2026-04-19 19:17:34] [[32mINFO[0m] [ims] [info:106] Environment: Development
[2026-04-19 19:17:36] [[32mINFO[0m] [ims] [info:106] Database initialized successfully
[2026-04-19 19:17:36] [[32mINFO[0m] [ims] [info:106] Starting IMS Backend...
[2026-04-19 19:17:36] [[32mINFO[0m] [ims] [info:106] Environment: Development
[2026-04-19 19:17:38] [[32mINFO[0m] [ims] [info:106] Database initialized successfully
[2026-04-19 19:18:59] [[32mINFO[0m] [ims] [info:106] GET /docs
[2026-04-19 19:18:59] [[32mINFO[0m] [ims] [info:106] GET /docs - 200
[2026-04-19 19:19:00] [[32mINFO[0m] [ims] [info:106] Shutting down IMS Backend...
[2026-04-19 19:19:00] [[32mINFO[0m] [ims] [info:106] Database connections closed
[2026-04-19 19:19:05] [[32mINFO[0m] [ims] [info:106] Starting IMS Backend...
[2026-04-19 19:19:05] [[32mINFO[0m] [ims] [info:106] Environment: Development
[2026-04-19 19:19:07] [[32mINFO[0m] [ims] [info:106] Database initialized successfully
[2026-04-19 19:19:18] [[32mINFO[0m] [ims] [info:106] Starting IMS Backend...
[2026-04-19 19:19:18] [[32mINFO[0m] [ims] [info:106] Environment: Development
[2026-04-19 19:19:20] [[32mINFO[0m] [ims] [info:106] Database initialized successfully
[2026-04-19 19:19:20] [[32mINFO[0m] [ims] [info:106] GET /openapi.json
[2026-04-19 19:19:20] [[32mINFO[0m] [ims] [info:106] GET /openapi.json - 200
[2026-04-19 19:19:49] [[32mINFO[0m] [ims] [info:106] Shutting down IMS Backend...
[2026-04-19 19:19:49] [[32mINFO[0m] [ims] [info:106] Database connections closed
[2026-04-19 19:19:51] [[32mINFO[0m] [ims] [info:106] Shutting down IMS Backend...
[2026-04-19 19:19:51] [[32mINFO[0m] [ims] [info:106] Database connections closed
[2026-04-19 19:20:08] [[32mINFO[0m] [ims] [info:106] Starting IMS Backend...
[2026-04-19 19:20:08] [[32mINFO[0m] [ims] [info:106] Environment: Development
[2026-04-19 19:20:10] [[32mINFO[0m] [ims] [info:106] Database initialized successfully
[2026-04-19 19:20:10] [[32mINFO[0m] [ims] [info:106] Shutting down IMS Backend...
[2026-04-19 19:20:10] [[32mINFO[0m] [ims] [info:106] Database connections closed
[2026-04-19 19:20:10] [[32mINFO[0m] [ims] [info:106] Starting IMS Backend...
[2026-04-19 19:20:10] [[32mINFO[0m] [ims] [info:106] Environment: Development
[2026-04-19 19:20:11] [[32mINFO[0m] [ims] [info:106] Starting IMS Backend...
[2026-04-19 19:20:11] [[32mINFO[0m] [ims] [info:106] Environment: Development
[2026-04-19 19:20:12] [[32mINFO[0m] [ims] [info:106] Database initialized successfully
[2026-04-19 19:20:12] [[32mINFO[0m] [ims] [info:106] Shutting down IMS Backend...
[2026-04-19 19:20:12] [[32mINFO[0m] [ims] [info:106] Database connections closed
[2026-04-19 19:20:12] [[32mINFO[0m] [ims] [info:106] Database initialized successfully
[2026-04-19 19:20:29] [[32mINFO[0m] [ims] [info:106] Starting IMS Backend...
[2026-04-19 19:20:29] [[32mINFO[0m] [ims] [info:106] Environment: Development
[2026-04-19 19:20:30] [[32mINFO[0m] [ims] [info:106] Starting IMS Backend...
[2026-04-19 19:20:30] [[32mINFO[0m] [ims] [info:106] Environment: Development
[2026-04-19 19:20:31] [[32mINFO[0m] [ims] [info:106] Database initialized successfully
[2026-04-19 19:20:31] [[32mINFO[0m] [ims] [info:106] Database initialized successfully
[2026-04-19 19:20:31] [[32mINFO[0m] [ims] [info:106] Starting IMS Backend...
[2026-04-19 19:20:31] [[32mINFO[0m] [ims] [info:106] Environment: Development
[2026-04-19 19:20:33] [[32mINFO[0m] [ims] [info:106] Database initialized successfully
[2026-04-19 19:20:48] [[32mINFO[0m] [ims] [info:106] Shutting down IMS Backend...
[2026-04-19 19:20:48] [[32mINFO[0m] [ims] [info:106] Database connections closed
[2026-04-19 19:20:50] [[32mINFO[0m] [ims] [info:106] Shutting down IMS Backend...
[2026-04-19 19:20:50] [[32mINFO[0m] [ims] [info:106] Database connections closed
[2026-04-19 19:21:03] [[32mINFO[0m] [ims] [info:106] Starting IMS Backend...
[2026-04-19 19:21:03] [[32mINFO[0m] [ims] [info:106] Environment: Development
[2026-04-19 19:21:04] [[32mINFO[0m] [ims] [info:106] Database initialized successfully
[2026-04-19 19:21:04] [[32mINFO[0m] [ims] [info:106] Shutting down IMS Backend...
[2026-04-19 19:21:04] [[32mINFO[0m] [ims] [info:106] Database connections closed
[2026-04-19 19:21:05] [[32mINFO[0m] [ims] [info:106] Starting IMS Backend...
[2026-04-19 19:21:05] [[32mINFO[0m] [ims] [info:106] Environment: Development
[2026-04-19 19:21:07] [[32mINFO[0m] [ims] [info:106] Database initialized successfully
[2026-04-19 19:21:07] [[32mINFO[0m] [ims] [info:106] Shutting down IMS Backend...
[2026-04-19 19:21:07] [[32mINFO[0m] [ims] [info:106] Database connections closed
[2026-04-19 19:21:19] [[32mINFO[0m] [ims] [info:106] Starting IMS Backend...
[2026-04-19 19:21:19] [[32mINFO[0m] [ims] [info:106] Environment: Development
[2026-04-19 19:21:20] [[32mINFO[0m] [ims] [info:106] Database initialized successfully
[2026-04-19 19:21:24] [[32mINFO[0m] [ims] [info:106] Starting IMS Backend...
[2026-04-19 19:21:24] [[32mINFO[0m] [ims] [info:106] Environment: Development
[2026-04-19 19:21:25] [[32mINFO[0m] [ims] [info:106] Database initialized successfully
[2026-04-19 19:21:51] [[32mINFO[0m] [ims] [info:106] GET /docs
[2026-04-19 19:21:51] [[32mINFO[0m] [ims] [info:106] GET /docs - 200
[2026-04-19 19:21:51] [[32mINFO[0m] [ims] [info:106] Shutting down IMS Backend...
[2026-04-19 19:21:52] [[32mINFO[0m] [ims] [info:106] Database connections closed
[2026-04-19 19:22:00] [[32mINFO[0m] [ims] [info:106] Starting IMS Backend...
[2026-04-19 19:22:00] [[32mINFO[0m] [ims] [info:106] Environment: Development
[2026-04-19 19:22:02] [[32mINFO[0m] [ims] [info:106] Database initialized successfully
[2026-04-19 19:22:16] [[32mINFO[0m] [ims] [info:106] Starting IMS Backend...
[2026-04-19 19:22:16] [[32mINFO[0m] [ims] [info:106] Environment: Development
[2026-04-19 19:22:17] [[32mINFO[0m] [ims] [info:106] Database initialized successfully
[2026-04-19 19:22:36] [[32mINFO[0m] [ims] [info:106] Starting IMS Backend...
[2026-04-19 19:22:36] [[32mINFO[0m] [ims] [info:106] Environment: Development
[2026-04-19 19:22:37] [[32mINFO[0m] [ims] [info:106] Database initialized successfully
[2026-04-19 19:22:55] [[32mINFO[0m] [ims] [info:106] GET /docs
[2026-04-19 19:22:55] [[32mINFO[0m] [ims] [info:106] GET /docs - 200
[2026-04-19 19:22:56] [[32mINFO[0m] [ims] [info:106] GET /openapi.json
[2026-04-19 19:22:56] [[32mINFO[0m] [ims] [info:106] GET /openapi.json - 200
[2026-04-19 19:23:22] [[32mINFO[0m] [ims] [info:106] GET /api/v1/users/users
[2026-04-19 19:23:23] [[32mINFO[0m] [ims] [info:106] GET /api/v1/users/users - 200
[2026-04-19 19:26:06] [[32mINFO[0m] [ims] [info:106] Shutting down IMS Backend...
[2026-04-19 19:26:06] [[32mINFO[0m] [ims] [info:106] Database connections closed
[2026-04-19 19:26:14] [[32mINFO[0m] [ims] [info:106] Shutting down IMS Backend...
[2026-04-19 19:26:14] [[32mINFO[0m] [ims] [info:106] Database connections closed
[2026-04-19 19:26:17] [[32mINFO[0m] [ims] [info:106] Shutting down IMS Backend...
[2026-04-19 19:26:17] [[32mINFO[0m] [ims] [info:106] Database connections closed
[2026-04-19 19:26:41] [[32mINFO[0m] [ims] [info:106] Starting IMS Backend...
[2026-04-19 19:26:41] [[32mINFO[0m] [ims] [info:106] Environment: Development
[2026-04-19 19:26:42] [[32mINFO[0m] [ims] [info:106] Starting IMS Backend...
[2026-04-19 19:26:42] [[32mINFO[0m] [ims] [info:106] Environment: Development
[2026-04-19 19:26:45] [[32mINFO[0m] [ims] [info:106] Database initialized successfully
[2026-04-19 19:26:45] [[32mINFO[0m] [ims] [info:106] Database initialized successfully
[2026-04-19 19:26:55] [[32mINFO[0m] [ims] [info:106] Starting IMS Backend...
[2026-04-19 19:26:55] [[32mINFO[0m] [ims] [info:106] Environment: Development
[2026-04-19 19:26:58] [[32mINFO[0m] [ims] [info:106] Database initialized successfully
[2026-04-19 19:27:15] [[32mINFO[0m] [ims] [info:106] GET /docs
[2026-04-19 19:27:15] [[32mINFO[0m] [ims] [info:106] GET /docs - 200
[2026-04-19 19:27:15] [[32mINFO[0m] [ims] [info:106] Shutting down IMS Backend...
[2026-04-19 19:27:15] [[32mINFO[0m] [ims] [info:106] Database connections closed
[2026-04-19 19:27:45] [[32mINFO[0m] [ims] [info:106] Starting IMS Backend...
[2026-04-19 19:27:45] [[32mINFO[0m] [ims] [info:106] Environment: Development
[2026-04-19 19:27:47] [[32mINFO[0m] [ims] [info:106] Database initialized successfully
[2026-04-19 19:27:47] [[32mINFO[0m] [ims] [info:106] GET /openapi.json
[2026-04-19 19:27:47] [[32mINFO[0m] [ims] [info:106] GET /openapi.json - 200
[2026-04-19 19:33:44] [[32mINFO[0m] [ims] [info:106] GET /api/v1/users/users
[2026-04-19 19:33:45] [[32mINFO[0m] [ims] [info:106] GET /api/v1/users/users - 200
[2026-04-19 19:34:45] [[32mINFO[0m] [ims] [info:106] PATCH /api/v1/classes/1/teacher
[2026-04-19 19:34:45] [[31mERROR[0m] [ims] [error:116] Unexpected exception: 'AsyncSession' object has no attribute 'query'
  + Exception Group Traceback (most recent call last):
  |   File "C:\Users\mdjabeerahmed\AppData\Local\Programs\Python\Python312\Lib\site-packages\starlette\_utils.py", line 76, in collapse_excgroups
  |     yield
  |   File "C:\Users\mdjabeerahmed\AppData\Local\Programs\Python\Python312\Lib\site-packages\starlette\middleware\base.py", line 177, in __call__
  |     async with anyio.create_task_group() as task_group:
  |                ^^^^^^^^^^^^^^^^^^^^^^^^^
  |   File "C:\Users\mdjabeerahmed\AppData\Local\Programs\Python\Python312\Lib\site-packages\anyio\_backends\_asyncio.py", line 799, in __aexit__
  |     raise BaseExceptionGroup(
  | ExceptionGroup: unhandled errors in a TaskGroup (1 sub-exception)
  +-+---------------- 1 ----------------
    | Traceback (most recent call last):
    |   File "C:\Users\mdjabeerahmed\AppData\Local\Programs\Python\Python312\Lib\site-packages\starlette\middleware\errors.py", line 165, in __call__
    |     await self.app(scope, receive, _send)
    |   File "C:\Users\mdjabeerahmed\AppData\Local\Programs\Python\Python312\Lib\site-packages\starlette\middleware\base.py", line 176, in __call__
    |     with recv_stream, send_stream, collapse_excgroups():
    |                                    ^^^^^^^^^^^^^^^^^^^^
    |   File "C:\Users\mdjabeerahmed\AppData\Local\Programs\Python\Python312\Lib\contextlib.py", line 158, in __exit__
    |     self.gen.throw(value)
    |   File "C:\Users\mdjabeerahmed\AppData\Local\Programs\Python\Python312\Lib\site-packages\starlette\_utils.py", line 82, in collapse_excgroups
    |     raise exc
    |   File "C:\Users\mdjabeerahmed\AppData\Local\Programs\Python\Python312\Lib\site-packages\starlette\middleware\base.py", line 178, in __call__
    |     response = await self.dispatch_func(request, call_next)
    |                ^^^^^^^^^^^^^^^^^^^^^^^^^^^^^^^^^^^^^^^^^^^^
    |   File "C:\Users\mdjabeerahmed\OneDrive\Desktop\IMS\IMS\backend\app\main.py", line 81, in log_requests
    |     response = await call_next(request)
    |                ^^^^^^^^^^^^^^^^^^^^^^^^
    |   File "C:\Users\mdjabeerahmed\AppData\Local\Programs\Python\Python312\Lib\site-packages\starlette\middleware\base.py", line 156, in call_next
    |     raise app_exc
    |   File "C:\Users\mdjabeerahmed\AppData\Local\Programs\Python\Python312\Lib\site-packages\starlette\middleware\base.py", line 141, in coro
    |     await self.app(scope, receive_or_disconnect, send_no_error)
    |   File "C:\Users\mdjabeerahmed\AppData\Local\Programs\Python\Python312\Lib\site-packages\starlette\middleware\cors.py", line 93, in __call__
    |     await self.simple_response(scope, receive, send, request_headers=headers)
    |   File "C:\Users\mdjabeerahmed\AppData\Local\Programs\Python\Python312\Lib\site-packages\starlette\middleware\cors.py", line 144, in simple_response
    |     await self.app(scope, receive, send)
    |   File "C:\Users\mdjabeerahmed\AppData\Local\Programs\Python\Python312\Lib\site-packages\starlette\middleware\exceptions.py", line 62, in __call__
    |     await wrap_app_handling_exceptions(self.app, conn)(scope, receive, send)
    |   File "C:\Users\mdjabeerahmed\AppData\Local\Programs\Python\Python312\Lib\site-packages\starlette\_exception_handler.py", line 53, in wrapped_app
    |     raise exc
    |   File "C:\Users\mdjabeerahmed\AppData\Local\Programs\Python\Python312\Lib\site-packages\starlette\_exception_handler.py", line 42, in wrapped_app
    |     await app(scope, receive, sender)
    |   File "C:\Users\mdjabeerahmed\AppData\Local\Programs\Python\Python312\Lib\site-packages\starlette\routing.py", line 714, in __call__
    |     await self.middleware_stack(scope, receive, send)
    |   File "C:\Users\mdjabeerahmed\AppData\Local\Programs\Python\Python312\Lib\site-packages\starlette\routing.py", line 734, in app
    |     await route.handle(scope, receive, send)
    |   File "C:\Users\mdjabeerahmed\AppData\Local\Programs\Python\Python312\Lib\site-packages\starlette\routing.py", line 288, in handle
    |     await self.app(scope, receive, send)
    |   File "C:\Users\mdjabeerahmed\AppData\Local\Programs\Python\Python312\Lib\site-packages\starlette\routing.py", line 76, in app
    |     await wrap_app_handling_exceptions(app, request)(scope, receive, send)
    |   File "C:\Users\mdjabeerahmed\AppData\Local\Programs\Python\Python312\Lib\site-packages\starlette\_exception_handler.py", line 53, in wrapped_app
    |     raise exc
    |   File "C:\Users\mdjabeerahmed\AppData\Local\Programs\Python\Python312\Lib\site-packages\starlette\_exception_handler.py", line 42, in wrapped_app
    |     await app(scope, receive, sender)
    |   File "C:\Users\mdjabeerahmed\AppData\Local\Programs\Python\Python312\Lib\site-packages\starlette\routing.py", line 73, in app
    |     response = await f(request)
    |                ^^^^^^^^^^^^^^^^
    |   File "C:\Users\mdjabeerahmed\AppData\Local\Programs\Python\Python312\Lib\site-packages\fastapi\routing.py", line 301, in app
    |     raw_response = await run_endpoint_function(
    |                    ^^^^^^^^^^^^^^^^^^^^^^^^^^^^
    |   File "C:\Users\mdjabeerahmed\AppData\Local\Programs\Python\Python312\Lib\site-packages\fastapi\routing.py", line 214, in run_endpoint_function
    |     return await run_in_threadpool(dependant.call, **values)
    |            ^^^^^^^^^^^^^^^^^^^^^^^^^^^^^^^^^^^^^^^^^^^^^^^^^
    |   File "C:\Users\mdjabeerahmed\AppData\Local\Programs\Python\Python312\Lib\site-packages\starlette\concurrency.py", line 37, in run_in_threadpool
    |     return await anyio.to_thread.run_sync(func)
    |            ^^^^^^^^^^^^^^^^^^^^^^^^^^^^^^^^^^^^
    |   File "C:\Users\mdjabeerahmed\AppData\Local\Programs\Python\Python312\Lib\site-packages\anyio\to_thread.py", line 63, in run_sync
    |     return await get_async_backend().run_sync_in_worker_thread(
    |            ^^^^^^^^^^^^^^^^^^^^^^^^^^^^^^^^^^^^^^^^^^^^^^^^^^^^
    |   File "C:\Users\mdjabeerahmed\AppData\Local\Programs\Python\Python312\Lib\site-packages\anyio\_backends\_asyncio.py", line 2518, in run_sync_in_worker_thread
    |     return await future
    |            ^^^^^^^^^^^^
    |   File "C:\Users\mdjabeerahmed\AppData\Local\Programs\Python\Python312\Lib\site-packages\anyio\_backends\_asyncio.py", line 1002, in run
    |     result = context.run(func, *args)
    |              ^^^^^^^^^^^^^^^^^^^^^^^^
    |   File "C:\Users\mdjabeerahmed\OneDrive\Desktop\IMS\IMS\backend\app\api\v1\endpoints\class_teacher.py", line 12, in assign_teacher
    |     cls = db.query(Class).filter(Class.id == id).first()
    |           ^^^^^^^^
    | AttributeError: 'AsyncSession' object has no attribute 'query'
    +------------------------------------

During handling of the above exception, another exception occurred:

Traceback (most recent call last):
  File "C:\Users\mdjabeerahmed\AppData\Local\Programs\Python\Python312\Lib\site-packages\starlette\middleware\errors.py", line 165, in __call__
    await self.app(scope, receive, _send)
  File "C:\Users\mdjabeerahmed\AppData\Local\Programs\Python\Python312\Lib\site-packages\starlette\middleware\base.py", line 176, in __call__
    with recv_stream, send_stream, collapse_excgroups():
                                   ^^^^^^^^^^^^^^^^^^^^
  File "C:\Users\mdjabeerahmed\AppData\Local\Programs\Python\Python312\Lib\contextlib.py", line 158, in __exit__
    self.gen.throw(value)
  File "C:\Users\mdjabeerahmed\AppData\Local\Programs\Python\Python312\Lib\site-packages\starlette\_utils.py", line 82, in collapse_excgroups
    raise exc
  File "C:\Users\mdjabeerahmed\AppData\Local\Programs\Python\Python312\Lib\site-packages\starlette\middleware\base.py", line 178, in __call__
    response = await self.dispatch_func(request, call_next)
               ^^^^^^^^^^^^^^^^^^^^^^^^^^^^^^^^^^^^^^^^^^^^
  File "C:\Users\mdjabeerahmed\OneDrive\Desktop\IMS\IMS\backend\app\main.py", line 81, in log_requests
    response = await call_next(request)
               ^^^^^^^^^^^^^^^^^^^^^^^^
  File "C:\Users\mdjabeerahmed\AppData\Local\Programs\Python\Python312\Lib\site-packages\starlette\middleware\base.py", line 156, in call_next
    raise app_exc
  File "C:\Users\mdjabeerahmed\AppData\Local\Programs\Python\Python312\Lib\site-packages\starlette\middleware\base.py", line 141, in coro
    await self.app(scope, receive_or_disconnect, send_no_error)
  File "C:\Users\mdjabeerahmed\AppData\Local\Programs\Python\Python312\Lib\site-packages\starlette\middleware\cors.py", line 93, in __call__
    await self.simple_response(scope, receive, send, request_headers=headers)
  File "C:\Users\mdjabeerahmed\AppData\Local\Programs\Python\Python312\Lib\site-packages\starlette\middleware\cors.py", line 144, in simple_response
    await self.app(scope, receive, send)
  File "C:\Users\mdjabeerahmed\AppData\Local\Programs\Python\Python312\Lib\site-packages\starlette\middleware\exceptions.py", line 62, in __call__
    await wrap_app_handling_exceptions(self.app, conn)(scope, receive, send)
  File "C:\Users\mdjabeerahmed\AppData\Local\Programs\Python\Python312\Lib\site-packages\starlette\_exception_handler.py", line 53, in wrapped_app
    raise exc
  File "C:\Users\mdjabeerahmed\AppData\Local\Programs\Python\Python312\Lib\site-packages\starlette\_exception_handler.py", line 42, in wrapped_app
    await app(scope, receive, sender)
  File "C:\Users\mdjabeerahmed\AppData\Local\Programs\Python\Python312\Lib\site-packages\starlette\routing.py", line 714, in __call__
    await self.middleware_stack(scope, receive, send)
  File "C:\Users\mdjabeerahmed\AppData\Local\Programs\Python\Python312\Lib\site-packages\starlette\routing.py", line 734, in app
    await route.handle(scope, receive, send)
  File "C:\Users\mdjabeerahmed\AppData\Local\Programs\Python\Python312\Lib\site-packages\starlette\routing.py", line 288, in handle
    await self.app(scope, receive, send)
  File "C:\Users\mdjabeerahmed\AppData\Local\Programs\Python\Python312\Lib\site-packages\starlette\routing.py", line 76, in app
    await wrap_app_handling_exceptions(app, request)(scope, receive, send)
  File "C:\Users\mdjabeerahmed\AppData\Local\Programs\Python\Python312\Lib\site-packages\starlette\_exception_handler.py", line 53, in wrapped_app
    raise exc
  File "C:\Users\mdjabeerahmed\AppData\Local\Programs\Python\Python312\Lib\site-packages\starlette\_exception_handler.py", line 42, in wrapped_app
    await app(scope, receive, sender)
  File "C:\Users\mdjabeerahmed\AppData\Local\Programs\Python\Python312\Lib\site-packages\starlette\routing.py", line 73, in app
    response = await f(request)
               ^^^^^^^^^^^^^^^^
  File "C:\Users\mdjabeerahmed\AppData\Local\Programs\Python\Python312\Lib\site-packages\fastapi\routing.py", line 301, in app
    raw_response = await run_endpoint_function(
                   ^^^^^^^^^^^^^^^^^^^^^^^^^^^^
  File "C:\Users\mdjabeerahmed\AppData\Local\Programs\Python\Python312\Lib\site-packages\fastapi\routing.py", line 214, in run_endpoint_function
    return await run_in_threadpool(dependant.call, **values)
           ^^^^^^^^^^^^^^^^^^^^^^^^^^^^^^^^^^^^^^^^^^^^^^^^^
  File "C:\Users\mdjabeerahmed\AppData\Local\Programs\Python\Python312\Lib\site-packages\starlette\concurrency.py", line 37, in run_in_threadpool
    return await anyio.to_thread.run_sync(func)
           ^^^^^^^^^^^^^^^^^^^^^^^^^^^^^^^^^^^^
  File "C:\Users\mdjabeerahmed\AppData\Local\Programs\Python\Python312\Lib\site-packages\anyio\to_thread.py", line 63, in run_sync
    return await get_async_backend().run_sync_in_worker_thread(
           ^^^^^^^^^^^^^^^^^^^^^^^^^^^^^^^^^^^^^^^^^^^^^^^^^^^^
  File "C:\Users\mdjabeerahmed\AppData\Local\Programs\Python\Python312\Lib\site-packages\anyio\_backends\_asyncio.py", line 2518, in run_sync_in_worker_thread
    return await future
           ^^^^^^^^^^^^
  File "C:\Users\mdjabeerahmed\AppData\Local\Programs\Python\Python312\Lib\site-packages\anyio\_backends\_asyncio.py", line 1002, in run
    result = context.run(func, *args)
             ^^^^^^^^^^^^^^^^^^^^^^^^
  File "C:\Users\mdjabeerahmed\OneDrive\Desktop\IMS\IMS\backend\app\api\v1\endpoints\class_teacher.py", line 12, in assign_teacher
    cls = db.query(Class).filter(Class.id == id).first()
          ^^^^^^^^
AttributeError: 'AsyncSession' object has no attribute 'query'
[2026-04-19 19:34:47] [[32mINFO[0m] [ims] [info:106] PATCH /api/v1/classes/1/teacher
[2026-04-19 19:34:47] [[31mERROR[0m] [ims] [error:116] Unexpected exception: 'AsyncSession' object has no attribute 'query'
  + Exception Group Traceback (most recent call last):
  |   File "C:\Users\mdjabeerahmed\AppData\Local\Programs\Python\Python312\Lib\site-packages\starlette\_utils.py", line 76, in collapse_excgroups
  |     yield
  |   File "C:\Users\mdjabeerahmed\AppData\Local\Programs\Python\Python312\Lib\site-packages\starlette\middleware\base.py", line 177, in __call__
  |     async with anyio.create_task_group() as task_group:
  |                ^^^^^^^^^^^^^^^^^^^^^^^^^
  |   File "C:\Users\mdjabeerahmed\AppData\Local\Programs\Python\Python312\Lib\site-packages\anyio\_backends\_asyncio.py", line 799, in __aexit__
  |     raise BaseExceptionGroup(
  | ExceptionGroup: unhandled errors in a TaskGroup (1 sub-exception)
  +-+---------------- 1 ----------------
    | Traceback (most recent call last):
    |   File "C:\Users\mdjabeerahmed\AppData\Local\Programs\Python\Python312\Lib\site-packages\starlette\middleware\errors.py", line 165, in __call__
    |     await self.app(scope, receive, _send)
    |   File "C:\Users\mdjabeerahmed\AppData\Local\Programs\Python\Python312\Lib\site-packages\starlette\middleware\base.py", line 176, in __call__
    |     with recv_stream, send_stream, collapse_excgroups():
    |                                    ^^^^^^^^^^^^^^^^^^^^
    |   File "C:\Users\mdjabeerahmed\AppData\Local\Programs\Python\Python312\Lib\contextlib.py", line 158, in __exit__
    |     self.gen.throw(value)
    |   File "C:\Users\mdjabeerahmed\AppData\Local\Programs\Python\Python312\Lib\site-packages\starlette\_utils.py", line 82, in collapse_excgroups
    |     raise exc
    |   File "C:\Users\mdjabeerahmed\AppData\Local\Programs\Python\Python312\Lib\site-packages\starlette\middleware\base.py", line 178, in __call__
    |     response = await self.dispatch_func(request, call_next)
    |                ^^^^^^^^^^^^^^^^^^^^^^^^^^^^^^^^^^^^^^^^^^^^
    |   File "C:\Users\mdjabeerahmed\OneDrive\Desktop\IMS\IMS\backend\app\main.py", line 81, in log_requests
    |     response = await call_next(request)
    |                ^^^^^^^^^^^^^^^^^^^^^^^^
    |   File "C:\Users\mdjabeerahmed\AppData\Local\Programs\Python\Python312\Lib\site-packages\starlette\middleware\base.py", line 156, in call_next
    |     raise app_exc
    |   File "C:\Users\mdjabeerahmed\AppData\Local\Programs\Python\Python312\Lib\site-packages\starlette\middleware\base.py", line 141, in coro
    |     await self.app(scope, receive_or_disconnect, send_no_error)
    |   File "C:\Users\mdjabeerahmed\AppData\Local\Programs\Python\Python312\Lib\site-packages\starlette\middleware\cors.py", line 93, in __call__
    |     await self.simple_response(scope, receive, send, request_headers=headers)
    |   File "C:\Users\mdjabeerahmed\AppData\Local\Programs\Python\Python312\Lib\site-packages\starlette\middleware\cors.py", line 144, in simple_response
    |     await self.app(scope, receive, send)
    |   File "C:\Users\mdjabeerahmed\AppData\Local\Programs\Python\Python312\Lib\site-packages\starlette\middleware\exceptions.py", line 62, in __call__
    |     await wrap_app_handling_exceptions(self.app, conn)(scope, receive, send)
    |   File "C:\Users\mdjabeerahmed\AppData\Local\Programs\Python\Python312\Lib\site-packages\starlette\_exception_handler.py", line 53, in wrapped_app
    |     raise exc
    |   File "C:\Users\mdjabeerahmed\AppData\Local\Programs\Python\Python312\Lib\site-packages\starlette\_exception_handler.py", line 42, in wrapped_app
    |     await app(scope, receive, sender)
    |   File "C:\Users\mdjabeerahmed\AppData\Local\Programs\Python\Python312\Lib\site-packages\starlette\routing.py", line 714, in __call__
    |     await self.middleware_stack(scope, receive, send)
    |   File "C:\Users\mdjabeerahmed\AppData\Local\Programs\Python\Python312\Lib\site-packages\starlette\routing.py", line 734, in app
    |     await route.handle(scope, receive, send)
    |   File "C:\Users\mdjabeerahmed\AppData\Local\Programs\Python\Python312\Lib\site-packages\starlette\routing.py", line 288, in handle
    |     await self.app(scope, receive, send)
    |   File "C:\Users\mdjabeerahmed\AppData\Local\Programs\Python\Python312\Lib\site-packages\starlette\routing.py", line 76, in app
    |     await wrap_app_handling_exceptions(app, request)(scope, receive, send)
    |   File "C:\Users\mdjabeerahmed\AppData\Local\Programs\Python\Python312\Lib\site-packages\starlette\_exception_handler.py", line 53, in wrapped_app
    |     raise exc
    |   File "C:\Users\mdjabeerahmed\AppData\Local\Programs\Python\Python312\Lib\site-packages\starlette\_exception_handler.py", line 42, in wrapped_app
    |     await app(scope, receive, sender)
    |   File "C:\Users\mdjabeerahmed\AppData\Local\Programs\Python\Python312\Lib\site-packages\starlette\routing.py", line 73, in app
    |     response = await f(request)
    |                ^^^^^^^^^^^^^^^^
    |   File "C:\Users\mdjabeerahmed\AppData\Local\Programs\Python\Python312\Lib\site-packages\fastapi\routing.py", line 301, in app
    |     raw_response = await run_endpoint_function(
    |                    ^^^^^^^^^^^^^^^^^^^^^^^^^^^^
    |   File "C:\Users\mdjabeerahmed\AppData\Local\Programs\Python\Python312\Lib\site-packages\fastapi\routing.py", line 214, in run_endpoint_function
    |     return await run_in_threadpool(dependant.call, **values)
    |            ^^^^^^^^^^^^^^^^^^^^^^^^^^^^^^^^^^^^^^^^^^^^^^^^^
    |   File "C:\Users\mdjabeerahmed\AppData\Local\Programs\Python\Python312\Lib\site-packages\starlette\concurrency.py", line 37, in run_in_threadpool
    |     return await anyio.to_thread.run_sync(func)
    |            ^^^^^^^^^^^^^^^^^^^^^^^^^^^^^^^^^^^^
    |   File "C:\Users\mdjabeerahmed\AppData\Local\Programs\Python\Python312\Lib\site-packages\anyio\to_thread.py", line 63, in run_sync
    |     return await get_async_backend().run_sync_in_worker_thread(
    |            ^^^^^^^^^^^^^^^^^^^^^^^^^^^^^^^^^^^^^^^^^^^^^^^^^^^^
    |   File "C:\Users\mdjabeerahmed\AppData\Local\Programs\Python\Python312\Lib\site-packages\anyio\_backends\_asyncio.py", line 2518, in run_sync_in_worker_thread
    |     return await future
    |            ^^^^^^^^^^^^
    |   File "C:\Users\mdjabeerahmed\AppData\Local\Programs\Python\Python312\Lib\site-packages\anyio\_backends\_asyncio.py", line 1002, in run
    |     result = context.run(func, *args)
    |              ^^^^^^^^^^^^^^^^^^^^^^^^
    |   File "C:\Users\mdjabeerahmed\OneDrive\Desktop\IMS\IMS\backend\app\api\v1\endpoints\class_teacher.py", line 12, in assign_teacher
    |     cls = db.query(Class).filter(Class.id == id).first()
    |           ^^^^^^^^
    | AttributeError: 'AsyncSession' object has no attribute 'query'
    +------------------------------------

During handling of the above exception, another exception occurred:

Traceback (most recent call last):
  File "C:\Users\mdjabeerahmed\AppData\Local\Programs\Python\Python312\Lib\site-packages\starlette\middleware\errors.py", line 165, in __call__
    await self.app(scope, receive, _send)
  File "C:\Users\mdjabeerahmed\AppData\Local\Programs\Python\Python312\Lib\site-packages\starlette\middleware\base.py", line 176, in __call__
    with recv_stream, send_stream, collapse_excgroups():
                                   ^^^^^^^^^^^^^^^^^^^^
  File "C:\Users\mdjabeerahmed\AppData\Local\Programs\Python\Python312\Lib\contextlib.py", line 158, in __exit__
    self.gen.throw(value)
  File "C:\Users\mdjabeerahmed\AppData\Local\Programs\Python\Python312\Lib\site-packages\starlette\_utils.py", line 82, in collapse_excgroups
    raise exc
  File "C:\Users\mdjabeerahmed\AppData\Local\Programs\Python\Python312\Lib\site-packages\starlette\middleware\base.py", line 178, in __call__
    response = await self.dispatch_func(request, call_next)
               ^^^^^^^^^^^^^^^^^^^^^^^^^^^^^^^^^^^^^^^^^^^^
  File "C:\Users\mdjabeerahmed\OneDrive\Desktop\IMS\IMS\backend\app\main.py", line 81, in log_requests
    response = await call_next(request)
               ^^^^^^^^^^^^^^^^^^^^^^^^
  File "C:\Users\mdjabeerahmed\AppData\Local\Programs\Python\Python312\Lib\site-packages\starlette\middleware\base.py", line 156, in call_next
    raise app_exc
  File "C:\Users\mdjabeerahmed\AppData\Local\Programs\Python\Python312\Lib\site-packages\starlette\middleware\base.py", line 141, in coro
    await self.app(scope, receive_or_disconnect, send_no_error)
  File "C:\Users\mdjabeerahmed\AppData\Local\Programs\Python\Python312\Lib\site-packages\starlette\middleware\cors.py", line 93, in __call__
    await self.simple_response(scope, receive, send, request_headers=headers)
  File "C:\Users\mdjabeerahmed\AppData\Local\Programs\Python\Python312\Lib\site-packages\starlette\middleware\cors.py", line 144, in simple_response
    await self.app(scope, receive, send)
  File "C:\Users\mdjabeerahmed\AppData\Local\Programs\Python\Python312\Lib\site-packages\starlette\middleware\exceptions.py", line 62, in __call__
    await wrap_app_handling_exceptions(self.app, conn)(scope, receive, send)
  File "C:\Users\mdjabeerahmed\AppData\Local\Programs\Python\Python312\Lib\site-packages\starlette\_exception_handler.py", line 53, in wrapped_app
    raise exc
  File "C:\Users\mdjabeerahmed\AppData\Local\Programs\Python\Python312\Lib\site-packages\starlette\_exception_handler.py", line 42, in wrapped_app
    await app(scope, receive, sender)
  File "C:\Users\mdjabeerahmed\AppData\Local\Programs\Python\Python312\Lib\site-packages\starlette\routing.py", line 714, in __call__
    await self.middleware_stack(scope, receive, send)
  File "C:\Users\mdjabeerahmed\AppData\Local\Programs\Python\Python312\Lib\site-packages\starlette\routing.py", line 734, in app
    await route.handle(scope, receive, send)
  File "C:\Users\mdjabeerahmed\AppData\Local\Programs\Python\Python312\Lib\site-packages\starlette\routing.py", line 288, in handle
    await self.app(scope, receive, send)
  File "C:\Users\mdjabeerahmed\AppData\Local\Programs\Python\Python312\Lib\site-packages\starlette\routing.py", line 76, in app
    await wrap_app_handling_exceptions(app, request)(scope, receive, send)
  File "C:\Users\mdjabeerahmed\AppData\Local\Programs\Python\Python312\Lib\site-packages\starlette\_exception_handler.py", line 53, in wrapped_app
    raise exc
  File "C:\Users\mdjabeerahmed\AppData\Local\Programs\Python\Python312\Lib\site-packages\starlette\_exception_handler.py", line 42, in wrapped_app
    await app(scope, receive, sender)
  File "C:\Users\mdjabeerahmed\AppData\Local\Programs\Python\Python312\Lib\site-packages\starlette\routing.py", line 73, in app
    response = await f(request)
               ^^^^^^^^^^^^^^^^
  File "C:\Users\mdjabeerahmed\AppData\Local\Programs\Python\Python312\Lib\site-packages\fastapi\routing.py", line 301, in app
    raw_response = await run_endpoint_function(
                   ^^^^^^^^^^^^^^^^^^^^^^^^^^^^
  File "C:\Users\mdjabeerahmed\AppData\Local\Programs\Python\Python312\Lib\site-packages\fastapi\routing.py", line 214, in run_endpoint_function
    return await run_in_threadpool(dependant.call, **values)
           ^^^^^^^^^^^^^^^^^^^^^^^^^^^^^^^^^^^^^^^^^^^^^^^^^
  File "C:\Users\mdjabeerahmed\AppData\Local\Programs\Python\Python312\Lib\site-packages\starlette\concurrency.py", line 37, in run_in_threadpool
    return await anyio.to_thread.run_sync(func)
           ^^^^^^^^^^^^^^^^^^^^^^^^^^^^^^^^^^^^
  File "C:\Users\mdjabeerahmed\AppData\Local\Programs\Python\Python312\Lib\site-packages\anyio\to_thread.py", line 63, in run_sync
    return await get_async_backend().run_sync_in_worker_thread(
           ^^^^^^^^^^^^^^^^^^^^^^^^^^^^^^^^^^^^^^^^^^^^^^^^^^^^
  File "C:\Users\mdjabeerahmed\AppData\Local\Programs\Python\Python312\Lib\site-packages\anyio\_backends\_asyncio.py", line 2518, in run_sync_in_worker_thread
    return await future
           ^^^^^^^^^^^^
  File "C:\Users\mdjabeerahmed\AppData\Local\Programs\Python\Python312\Lib\site-packages\anyio\_backends\_asyncio.py", line 1002, in run
    result = context.run(func, *args)
             ^^^^^^^^^^^^^^^^^^^^^^^^
  File "C:\Users\mdjabeerahmed\OneDrive\Desktop\IMS\IMS\backend\app\api\v1\endpoints\class_teacher.py", line 12, in assign_teacher
    cls = db.query(Class).filter(Class.id == id).first()
          ^^^^^^^^
AttributeError: 'AsyncSession' object has no attribute 'query'
[2026-04-19 19:34:58] [[32mINFO[0m] [ims] [info:106] PATCH /api/v1/classes/1/teacher
[2026-04-19 19:34:58] [[31mERROR[0m] [ims] [error:116] Unexpected exception: 'AsyncSession' object has no attribute 'query'
  + Exception Group Traceback (most recent call last):
  |   File "C:\Users\mdjabeerahmed\AppData\Local\Programs\Python\Python312\Lib\site-packages\starlette\_utils.py", line 76, in collapse_excgroups
  |     yield
  |   File "C:\Users\mdjabeerahmed\AppData\Local\Programs\Python\Python312\Lib\site-packages\starlette\middleware\base.py", line 177, in __call__
  |     async with anyio.create_task_group() as task_group:
  |                ^^^^^^^^^^^^^^^^^^^^^^^^^
  |   File "C:\Users\mdjabeerahmed\AppData\Local\Programs\Python\Python312\Lib\site-packages\anyio\_backends\_asyncio.py", line 799, in __aexit__
  |     raise BaseExceptionGroup(
  | ExceptionGroup: unhandled errors in a TaskGroup (1 sub-exception)
  +-+---------------- 1 ----------------
    | Traceback (most recent call last):
    |   File "C:\Users\mdjabeerahmed\AppData\Local\Programs\Python\Python312\Lib\site-packages\starlette\middleware\errors.py", line 165, in __call__
    |     await self.app(scope, receive, _send)
    |   File "C:\Users\mdjabeerahmed\AppData\Local\Programs\Python\Python312\Lib\site-packages\starlette\middleware\base.py", line 176, in __call__
    |     with recv_stream, send_stream, collapse_excgroups():
    |                                    ^^^^^^^^^^^^^^^^^^^^
    |   File "C:\Users\mdjabeerahmed\AppData\Local\Programs\Python\Python312\Lib\contextlib.py", line 158, in __exit__
    |     self.gen.throw(value)
    |   File "C:\Users\mdjabeerahmed\AppData\Local\Programs\Python\Python312\Lib\site-packages\starlette\_utils.py", line 82, in collapse_excgroups
    |     raise exc
    |   File "C:\Users\mdjabeerahmed\AppData\Local\Programs\Python\Python312\Lib\site-packages\starlette\middleware\base.py", line 178, in __call__
    |     response = await self.dispatch_func(request, call_next)
    |                ^^^^^^^^^^^^^^^^^^^^^^^^^^^^^^^^^^^^^^^^^^^^
    |   File "C:\Users\mdjabeerahmed\OneDrive\Desktop\IMS\IMS\backend\app\main.py", line 81, in log_requests
    |     response = await call_next(request)
    |                ^^^^^^^^^^^^^^^^^^^^^^^^
    |   File "C:\Users\mdjabeerahmed\AppData\Local\Programs\Python\Python312\Lib\site-packages\starlette\middleware\base.py", line 156, in call_next
    |     raise app_exc
    |   File "C:\Users\mdjabeerahmed\AppData\Local\Programs\Python\Python312\Lib\site-packages\starlette\middleware\base.py", line 141, in coro
    |     await self.app(scope, receive_or_disconnect, send_no_error)
    |   File "C:\Users\mdjabeerahmed\AppData\Local\Programs\Python\Python312\Lib\site-packages\starlette\middleware\cors.py", line 93, in __call__
    |     await self.simple_response(scope, receive, send, request_headers=headers)
    |   File "C:\Users\mdjabeerahmed\AppData\Local\Programs\Python\Python312\Lib\site-packages\starlette\middleware\cors.py", line 144, in simple_response
    |     await self.app(scope, receive, send)
    |   File "C:\Users\mdjabeerahmed\AppData\Local\Programs\Python\Python312\Lib\site-packages\starlette\middleware\exceptions.py", line 62, in __call__
    |     await wrap_app_handling_exceptions(self.app, conn)(scope, receive, send)
    |   File "C:\Users\mdjabeerahmed\AppData\Local\Programs\Python\Python312\Lib\site-packages\starlette\_exception_handler.py", line 53, in wrapped_app
    |     raise exc
    |   File "C:\Users\mdjabeerahmed\AppData\Local\Programs\Python\Python312\Lib\site-packages\starlette\_exception_handler.py", line 42, in wrapped_app
    |     await app(scope, receive, sender)
    |   File "C:\Users\mdjabeerahmed\AppData\Local\Programs\Python\Python312\Lib\site-packages\starlette\routing.py", line 714, in __call__
    |     await self.middleware_stack(scope, receive, send)
    |   File "C:\Users\mdjabeerahmed\AppData\Local\Programs\Python\Python312\Lib\site-packages\starlette\routing.py", line 734, in app
    |     await route.handle(scope, receive, send)
    |   File "C:\Users\mdjabeerahmed\AppData\Local\Programs\Python\Python312\Lib\site-packages\starlette\routing.py", line 288, in handle
    |     await self.app(scope, receive, send)
    |   File "C:\Users\mdjabeerahmed\AppData\Local\Programs\Python\Python312\Lib\site-packages\starlette\routing.py", line 76, in app
    |     await wrap_app_handling_exceptions(app, request)(scope, receive, send)
    |   File "C:\Users\mdjabeerahmed\AppData\Local\Programs\Python\Python312\Lib\site-packages\starlette\_exception_handler.py", line 53, in wrapped_app
    |     raise exc
    |   File "C:\Users\mdjabeerahmed\AppData\Local\Programs\Python\Python312\Lib\site-packages\starlette\_exception_handler.py", line 42, in wrapped_app
    |     await app(scope, receive, sender)
    |   File "C:\Users\mdjabeerahmed\AppData\Local\Programs\Python\Python312\Lib\site-packages\starlette\routing.py", line 73, in app
    |     response = await f(request)
    |                ^^^^^^^^^^^^^^^^
    |   File "C:\Users\mdjabeerahmed\AppData\Local\Programs\Python\Python312\Lib\site-packages\fastapi\routing.py", line 301, in app
    |     raw_response = await run_endpoint_function(
    |                    ^^^^^^^^^^^^^^^^^^^^^^^^^^^^
    |   File "C:\Users\mdjabeerahmed\AppData\Local\Programs\Python\Python312\Lib\site-packages\fastapi\routing.py", line 214, in run_endpoint_function
    |     return await run_in_threadpool(dependant.call, **values)
    |            ^^^^^^^^^^^^^^^^^^^^^^^^^^^^^^^^^^^^^^^^^^^^^^^^^
    |   File "C:\Users\mdjabeerahmed\AppData\Local\Programs\Python\Python312\Lib\site-packages\starlette\concurrency.py", line 37, in run_in_threadpool
    |     return await anyio.to_thread.run_sync(func)
    |            ^^^^^^^^^^^^^^^^^^^^^^^^^^^^^^^^^^^^
    |   File "C:\Users\mdjabeerahmed\AppData\Local\Programs\Python\Python312\Lib\site-packages\anyio\to_thread.py", line 63, in run_sync
    |     return await get_async_backend().run_sync_in_worker_thread(
    |            ^^^^^^^^^^^^^^^^^^^^^^^^^^^^^^^^^^^^^^^^^^^^^^^^^^^^
    |   File "C:\Users\mdjabeerahmed\AppData\Local\Programs\Python\Python312\Lib\site-packages\anyio\_backends\_asyncio.py", line 2518, in run_sync_in_worker_thread
    |     return await future
    |            ^^^^^^^^^^^^
    |   File "C:\Users\mdjabeerahmed\AppData\Local\Programs\Python\Python312\Lib\site-packages\anyio\_backends\_asyncio.py", line 1002, in run
    |     result = context.run(func, *args)
    |              ^^^^^^^^^^^^^^^^^^^^^^^^
    |   File "C:\Users\mdjabeerahmed\OneDrive\Desktop\IMS\IMS\backend\app\api\v1\endpoints\class_teacher.py", line 12, in assign_teacher
    |     cls = db.query(Class).filter(Class.id == id).first()
    |           ^^^^^^^^
    | AttributeError: 'AsyncSession' object has no attribute 'query'
    +------------------------------------

During handling of the above exception, another exception occurred:

Traceback (most recent call last):
  File "C:\Users\mdjabeerahmed\AppData\Local\Programs\Python\Python312\Lib\site-packages\starlette\middleware\errors.py", line 165, in __call__
    await self.app(scope, receive, _send)
  File "C:\Users\mdjabeerahmed\AppData\Local\Programs\Python\Python312\Lib\site-packages\starlette\middleware\base.py", line 176, in __call__
    with recv_stream, send_stream, collapse_excgroups():
                                   ^^^^^^^^^^^^^^^^^^^^
  File "C:\Users\mdjabeerahmed\AppData\Local\Programs\Python\Python312\Lib\contextlib.py", line 158, in __exit__
    self.gen.throw(value)
  File "C:\Users\mdjabeerahmed\AppData\Local\Programs\Python\Python312\Lib\site-packages\starlette\_utils.py", line 82, in collapse_excgroups
    raise exc
  File "C:\Users\mdjabeerahmed\AppData\Local\Programs\Python\Python312\Lib\site-packages\starlette\middleware\base.py", line 178, in __call__
    response = await self.dispatch_func(request, call_next)
               ^^^^^^^^^^^^^^^^^^^^^^^^^^^^^^^^^^^^^^^^^^^^
  File "C:\Users\mdjabeerahmed\OneDrive\Desktop\IMS\IMS\backend\app\main.py", line 81, in log_requests
    response = await call_next(request)
               ^^^^^^^^^^^^^^^^^^^^^^^^
  File "C:\Users\mdjabeerahmed\AppData\Local\Programs\Python\Python312\Lib\site-packages\starlette\middleware\base.py", line 156, in call_next
    raise app_exc
  File "C:\Users\mdjabeerahmed\AppData\Local\Programs\Python\Python312\Lib\site-packages\starlette\middleware\base.py", line 141, in coro
    await self.app(scope, receive_or_disconnect, send_no_error)
  File "C:\Users\mdjabeerahmed\AppData\Local\Programs\Python\Python312\Lib\site-packages\starlette\middleware\cors.py", line 93, in __call__
    await self.simple_response(scope, receive, send, request_headers=headers)
  File "C:\Users\mdjabeerahmed\AppData\Local\Programs\Python\Python312\Lib\site-packages\starlette\middleware\cors.py", line 144, in simple_response
    await self.app(scope, receive, send)
  File "C:\Users\mdjabeerahmed\AppData\Local\Programs\Python\Python312\Lib\site-packages\starlette\middleware\exceptions.py", line 62, in __call__
    await wrap_app_handling_exceptions(self.app, conn)(scope, receive, send)
  File "C:\Users\mdjabeerahmed\AppData\Local\Programs\Python\Python312\Lib\site-packages\starlette\_exception_handler.py", line 53, in wrapped_app
    raise exc
  File "C:\Users\mdjabeerahmed\AppData\Local\Programs\Python\Python312\Lib\site-packages\starlette\_exception_handler.py", line 42, in wrapped_app
    await app(scope, receive, sender)
  File "C:\Users\mdjabeerahmed\AppData\Local\Programs\Python\Python312\Lib\site-packages\starlette\routing.py", line 714, in __call__
    await self.middleware_stack(scope, receive, send)
  File "C:\Users\mdjabeerahmed\AppData\Local\Programs\Python\Python312\Lib\site-packages\starlette\routing.py", line 734, in app
    await route.handle(scope, receive, send)
  File "C:\Users\mdjabeerahmed\AppData\Local\Programs\Python\Python312\Lib\site-packages\starlette\routing.py", line 288, in handle
    await self.app(scope, receive, send)
  File "C:\Users\mdjabeerahmed\AppData\Local\Programs\Python\Python312\Lib\site-packages\starlette\routing.py", line 76, in app
    await wrap_app_handling_exceptions(app, request)(scope, receive, send)
  File "C:\Users\mdjabeerahmed\AppData\Local\Programs\Python\Python312\Lib\site-packages\starlette\_exception_handler.py", line 53, in wrapped_app
    raise exc
  File "C:\Users\mdjabeerahmed\AppData\Local\Programs\Python\Python312\Lib\site-packages\starlette\_exception_handler.py", line 42, in wrapped_app
    await app(scope, receive, sender)
  File "C:\Users\mdjabeerahmed\AppData\Local\Programs\Python\Python312\Lib\site-packages\starlette\routing.py", line 73, in app
    response = await f(request)
               ^^^^^^^^^^^^^^^^
  File "C:\Users\mdjabeerahmed\AppData\Local\Programs\Python\Python312\Lib\site-packages\fastapi\routing.py", line 301, in app
    raw_response = await run_endpoint_function(
                   ^^^^^^^^^^^^^^^^^^^^^^^^^^^^
  File "C:\Users\mdjabeerahmed\AppData\Local\Programs\Python\Python312\Lib\site-packages\fastapi\routing.py", line 214, in run_endpoint_function
    return await run_in_threadpool(dependant.call, **values)
           ^^^^^^^^^^^^^^^^^^^^^^^^^^^^^^^^^^^^^^^^^^^^^^^^^
  File "C:\Users\mdjabeerahmed\AppData\Local\Programs\Python\Python312\Lib\site-packages\starlette\concurrency.py", line 37, in run_in_threadpool
    return await anyio.to_thread.run_sync(func)
           ^^^^^^^^^^^^^^^^^^^^^^^^^^^^^^^^^^^^
  File "C:\Users\mdjabeerahmed\AppData\Local\Programs\Python\Python312\Lib\site-packages\anyio\to_thread.py", line 63, in run_sync
    return await get_async_backend().run_sync_in_worker_thread(
           ^^^^^^^^^^^^^^^^^^^^^^^^^^^^^^^^^^^^^^^^^^^^^^^^^^^^
  File "C:\Users\mdjabeerahmed\AppData\Local\Programs\Python\Python312\Lib\site-packages\anyio\_backends\_asyncio.py", line 2518, in run_sync_in_worker_thread
    return await future
           ^^^^^^^^^^^^
  File "C:\Users\mdjabeerahmed\AppData\Local\Programs\Python\Python312\Lib\site-packages\anyio\_backends\_asyncio.py", line 1002, in run
    result = context.run(func, *args)
             ^^^^^^^^^^^^^^^^^^^^^^^^
  File "C:\Users\mdjabeerahmed\OneDrive\Desktop\IMS\IMS\backend\app\api\v1\endpoints\class_teacher.py", line 12, in assign_teacher
    cls = db.query(Class).filter(Class.id == id).first()
          ^^^^^^^^
AttributeError: 'AsyncSession' object has no attribute 'query'
[2026-04-19 19:35:02] [[32mINFO[0m] [ims] [info:106] PATCH /api/v1/classes/1/teacher
[2026-04-19 19:35:02] [[31mERROR[0m] [ims] [error:116] Unexpected exception: 'AsyncSession' object has no attribute 'query'
  + Exception Group Traceback (most recent call last):
  |   File "C:\Users\mdjabeerahmed\AppData\Local\Programs\Python\Python312\Lib\site-packages\starlette\_utils.py", line 76, in collapse_excgroups
  |     yield
  |   File "C:\Users\mdjabeerahmed\AppData\Local\Programs\Python\Python312\Lib\site-packages\starlette\middleware\base.py", line 177, in __call__
  |     async with anyio.create_task_group() as task_group:
  |                ^^^^^^^^^^^^^^^^^^^^^^^^^
  |   File "C:\Users\mdjabeerahmed\AppData\Local\Programs\Python\Python312\Lib\site-packages\anyio\_backends\_asyncio.py", line 799, in __aexit__
  |     raise BaseExceptionGroup(
  | ExceptionGroup: unhandled errors in a TaskGroup (1 sub-exception)
  +-+---------------- 1 ----------------
    | Traceback (most recent call last):
    |   File "C:\Users\mdjabeerahmed\AppData\Local\Programs\Python\Python312\Lib\site-packages\starlette\middleware\errors.py", line 165, in __call__
    |     await self.app(scope, receive, _send)
    |   File "C:\Users\mdjabeerahmed\AppData\Local\Programs\Python\Python312\Lib\site-packages\starlette\middleware\base.py", line 176, in __call__
    |     with recv_stream, send_stream, collapse_excgroups():
    |                                    ^^^^^^^^^^^^^^^^^^^^
    |   File "C:\Users\mdjabeerahmed\AppData\Local\Programs\Python\Python312\Lib\contextlib.py", line 158, in __exit__
    |     self.gen.throw(value)
    |   File "C:\Users\mdjabeerahmed\AppData\Local\Programs\Python\Python312\Lib\site-packages\starlette\_utils.py", line 82, in collapse_excgroups
    |     raise exc
    |   File "C:\Users\mdjabeerahmed\AppData\Local\Programs\Python\Python312\Lib\site-packages\starlette\middleware\base.py", line 178, in __call__
    |     response = await self.dispatch_func(request, call_next)
    |                ^^^^^^^^^^^^^^^^^^^^^^^^^^^^^^^^^^^^^^^^^^^^
    |   File "C:\Users\mdjabeerahmed\OneDrive\Desktop\IMS\IMS\backend\app\main.py", line 81, in log_requests
    |     response = await call_next(request)
    |                ^^^^^^^^^^^^^^^^^^^^^^^^
    |   File "C:\Users\mdjabeerahmed\AppData\Local\Programs\Python\Python312\Lib\site-packages\starlette\middleware\base.py", line 156, in call_next
    |     raise app_exc
    |   File "C:\Users\mdjabeerahmed\AppData\Local\Programs\Python\Python312\Lib\site-packages\starlette\middleware\base.py", line 141, in coro
    |     await self.app(scope, receive_or_disconnect, send_no_error)
    |   File "C:\Users\mdjabeerahmed\AppData\Local\Programs\Python\Python312\Lib\site-packages\starlette\middleware\cors.py", line 93, in __call__
    |     await self.simple_response(scope, receive, send, request_headers=headers)
    |   File "C:\Users\mdjabeerahmed\AppData\Local\Programs\Python\Python312\Lib\site-packages\starlette\middleware\cors.py", line 144, in simple_response
    |     await self.app(scope, receive, send)
    |   File "C:\Users\mdjabeerahmed\AppData\Local\Programs\Python\Python312\Lib\site-packages\starlette\middleware\exceptions.py", line 62, in __call__
    |     await wrap_app_handling_exceptions(self.app, conn)(scope, receive, send)
    |   File "C:\Users\mdjabeerahmed\AppData\Local\Programs\Python\Python312\Lib\site-packages\starlette\_exception_handler.py", line 53, in wrapped_app
    |     raise exc
    |   File "C:\Users\mdjabeerahmed\AppData\Local\Programs\Python\Python312\Lib\site-packages\starlette\_exception_handler.py", line 42, in wrapped_app
    |     await app(scope, receive, sender)
    |   File "C:\Users\mdjabeerahmed\AppData\Local\Programs\Python\Python312\Lib\site-packages\starlette\routing.py", line 714, in __call__
    |     await self.middleware_stack(scope, receive, send)
    |   File "C:\Users\mdjabeerahmed\AppData\Local\Programs\Python\Python312\Lib\site-packages\starlette\routing.py", line 734, in app
    |     await route.handle(scope, receive, send)
    |   File "C:\Users\mdjabeerahmed\AppData\Local\Programs\Python\Python312\Lib\site-packages\starlette\routing.py", line 288, in handle
    |     await self.app(scope, receive, send)
    |   File "C:\Users\mdjabeerahmed\AppData\Local\Programs\Python\Python312\Lib\site-packages\starlette\routing.py", line 76, in app
    |     await wrap_app_handling_exceptions(app, request)(scope, receive, send)
    |   File "C:\Users\mdjabeerahmed\AppData\Local\Programs\Python\Python312\Lib\site-packages\starlette\_exception_handler.py", line 53, in wrapped_app
    |     raise exc
    |   File "C:\Users\mdjabeerahmed\AppData\Local\Programs\Python\Python312\Lib\site-packages\starlette\_exception_handler.py", line 42, in wrapped_app
    |     await app(scope, receive, sender)
    |   File "C:\Users\mdjabeerahmed\AppData\Local\Programs\Python\Python312\Lib\site-packages\starlette\routing.py", line 73, in app
    |     response = await f(request)
    |                ^^^^^^^^^^^^^^^^
    |   File "C:\Users\mdjabeerahmed\AppData\Local\Programs\Python\Python312\Lib\site-packages\fastapi\routing.py", line 301, in app
    |     raw_response = await run_endpoint_function(
    |                    ^^^^^^^^^^^^^^^^^^^^^^^^^^^^
    |   File "C:\Users\mdjabeerahmed\AppData\Local\Programs\Python\Python312\Lib\site-packages\fastapi\routing.py", line 214, in run_endpoint_function
    |     return await run_in_threadpool(dependant.call, **values)
    |            ^^^^^^^^^^^^^^^^^^^^^^^^^^^^^^^^^^^^^^^^^^^^^^^^^
    |   File "C:\Users\mdjabeerahmed\AppData\Local\Programs\Python\Python312\Lib\site-packages\starlette\concurrency.py", line 37, in run_in_threadpool
    |     return await anyio.to_thread.run_sync(func)
    |            ^^^^^^^^^^^^^^^^^^^^^^^^^^^^^^^^^^^^
    |   File "C:\Users\mdjabeerahmed\AppData\Local\Programs\Python\Python312\Lib\site-packages\anyio\to_thread.py", line 63, in run_sync
    |     return await get_async_backend().run_sync_in_worker_thread(
    |            ^^^^^^^^^^^^^^^^^^^^^^^^^^^^^^^^^^^^^^^^^^^^^^^^^^^^
    |   File "C:\Users\mdjabeerahmed\AppData\Local\Programs\Python\Python312\Lib\site-packages\anyio\_backends\_asyncio.py", line 2518, in run_sync_in_worker_thread
    |     return await future
    |            ^^^^^^^^^^^^
    |   File "C:\Users\mdjabeerahmed\AppData\Local\Programs\Python\Python312\Lib\site-packages\anyio\_backends\_asyncio.py", line 1002, in run
    |     result = context.run(func, *args)
    |              ^^^^^^^^^^^^^^^^^^^^^^^^
    |   File "C:\Users\mdjabeerahmed\OneDrive\Desktop\IMS\IMS\backend\app\api\v1\endpoints\class_teacher.py", line 12, in assign_teacher
    |     cls = db.query(Class).filter(Class.id == id).first()
    |           ^^^^^^^^
    | AttributeError: 'AsyncSession' object has no attribute 'query'
    +------------------------------------

During handling of the above exception, another exception occurred:

Traceback (most recent call last):
  File "C:\Users\mdjabeerahmed\AppData\Local\Programs\Python\Python312\Lib\site-packages\starlette\middleware\errors.py", line 165, in __call__
    await self.app(scope, receive, _send)
  File "C:\Users\mdjabeerahmed\AppData\Local\Programs\Python\Python312\Lib\site-packages\starlette\middleware\base.py", line 176, in __call__
    with recv_stream, send_stream, collapse_excgroups():
                                   ^^^^^^^^^^^^^^^^^^^^
  File "C:\Users\mdjabeerahmed\AppData\Local\Programs\Python\Python312\Lib\contextlib.py", line 158, in __exit__
    self.gen.throw(value)
  File "C:\Users\mdjabeerahmed\AppData\Local\Programs\Python\Python312\Lib\site-packages\starlette\_utils.py", line 82, in collapse_excgroups
    raise exc
  File "C:\Users\mdjabeerahmed\AppData\Local\Programs\Python\Python312\Lib\site-packages\starlette\middleware\base.py", line 178, in __call__
    response = await self.dispatch_func(request, call_next)
               ^^^^^^^^^^^^^^^^^^^^^^^^^^^^^^^^^^^^^^^^^^^^
  File "C:\Users\mdjabeerahmed\OneDrive\Desktop\IMS\IMS\backend\app\main.py", line 81, in log_requests
    response = await call_next(request)
               ^^^^^^^^^^^^^^^^^^^^^^^^
  File "C:\Users\mdjabeerahmed\AppData\Local\Programs\Python\Python312\Lib\site-packages\starlette\middleware\base.py", line 156, in call_next
    raise app_exc
  File "C:\Users\mdjabeerahmed\AppData\Local\Programs\Python\Python312\Lib\site-packages\starlette\middleware\base.py", line 141, in coro
    await self.app(scope, receive_or_disconnect, send_no_error)
  File "C:\Users\mdjabeerahmed\AppData\Local\Programs\Python\Python312\Lib\site-packages\starlette\middleware\cors.py", line 93, in __call__
    await self.simple_response(scope, receive, send, request_headers=headers)
  File "C:\Users\mdjabeerahmed\AppData\Local\Programs\Python\Python312\Lib\site-packages\starlette\middleware\cors.py", line 144, in simple_response
    await self.app(scope, receive, send)
  File "C:\Users\mdjabeerahmed\AppData\Local\Programs\Python\Python312\Lib\site-packages\starlette\middleware\exceptions.py", line 62, in __call__
    await wrap_app_handling_exceptions(self.app, conn)(scope, receive, send)
  File "C:\Users\mdjabeerahmed\AppData\Local\Programs\Python\Python312\Lib\site-packages\starlette\_exception_handler.py", line 53, in wrapped_app
    raise exc
  File "C:\Users\mdjabeerahmed\AppData\Local\Programs\Python\Python312\Lib\site-packages\starlette\_exception_handler.py", line 42, in wrapped_app
    await app(scope, receive, sender)
  File "C:\Users\mdjabeerahmed\AppData\Local\Programs\Python\Python312\Lib\site-packages\starlette\routing.py", line 714, in __call__
    await self.middleware_stack(scope, receive, send)
  File "C:\Users\mdjabeerahmed\AppData\Local\Programs\Python\Python312\Lib\site-packages\starlette\routing.py", line 734, in app
    await route.handle(scope, receive, send)
  File "C:\Users\mdjabeerahmed\AppData\Local\Programs\Python\Python312\Lib\site-packages\starlette\routing.py", line 288, in handle
    await self.app(scope, receive, send)
  File "C:\Users\mdjabeerahmed\AppData\Local\Programs\Python\Python312\Lib\site-packages\starlette\routing.py", line 76, in app
    await wrap_app_handling_exceptions(app, request)(scope, receive, send)
  File "C:\Users\mdjabeerahmed\AppData\Local\Programs\Python\Python312\Lib\site-packages\starlette\_exception_handler.py", line 53, in wrapped_app
    raise exc
  File "C:\Users\mdjabeerahmed\AppData\Local\Programs\Python\Python312\Lib\site-packages\starlette\_exception_handler.py", line 42, in wrapped_app
    await app(scope, receive, sender)
  File "C:\Users\mdjabeerahmed\AppData\Local\Programs\Python\Python312\Lib\site-packages\starlette\routing.py", line 73, in app
    response = await f(request)
               ^^^^^^^^^^^^^^^^
  File "C:\Users\mdjabeerahmed\AppData\Local\Programs\Python\Python312\Lib\site-packages\fastapi\routing.py", line 301, in app
    raw_response = await run_endpoint_function(
                   ^^^^^^^^^^^^^^^^^^^^^^^^^^^^
  File "C:\Users\mdjabeerahmed\AppData\Local\Programs\Python\Python312\Lib\site-packages\fastapi\routing.py", line 214, in run_endpoint_function
    return await run_in_threadpool(dependant.call, **values)
           ^^^^^^^^^^^^^^^^^^^^^^^^^^^^^^^^^^^^^^^^^^^^^^^^^
  File "C:\Users\mdjabeerahmed\AppData\Local\Programs\Python\Python312\Lib\site-packages\starlette\concurrency.py", line 37, in run_in_threadpool
    return await anyio.to_thread.run_sync(func)
           ^^^^^^^^^^^^^^^^^^^^^^^^^^^^^^^^^^^^
  File "C:\Users\mdjabeerahmed\AppData\Local\Programs\Python\Python312\Lib\site-packages\anyio\to_thread.py", line 63, in run_sync
    return await get_async_backend().run_sync_in_worker_thread(
           ^^^^^^^^^^^^^^^^^^^^^^^^^^^^^^^^^^^^^^^^^^^^^^^^^^^^
  File "C:\Users\mdjabeerahmed\AppData\Local\Programs\Python\Python312\Lib\site-packages\anyio\_backends\_asyncio.py", line 2518, in run_sync_in_worker_thread
    return await future
           ^^^^^^^^^^^^
  File "C:\Users\mdjabeerahmed\AppData\Local\Programs\Python\Python312\Lib\site-packages\anyio\_backends\_asyncio.py", line 1002, in run
    result = context.run(func, *args)
             ^^^^^^^^^^^^^^^^^^^^^^^^
  File "C:\Users\mdjabeerahmed\OneDrive\Desktop\IMS\IMS\backend\app\api\v1\endpoints\class_teacher.py", line 12, in assign_teacher
    cls = db.query(Class).filter(Class.id == id).first()
          ^^^^^^^^
AttributeError: 'AsyncSession' object has no attribute 'query'
[2026-04-19 19:35:19] [[32mINFO[0m] [ims] [info:106] GET /api/v1/users/users
[2026-04-19 19:35:19] [[32mINFO[0m] [ims] [info:106] GET /api/v1/users/users - 200
[2026-04-19 19:35:24] [[32mINFO[0m] [ims] [info:106] GET /api/v1/users/users
[2026-04-19 19:35:24] [[32mINFO[0m] [ims] [info:106] GET /api/v1/users/users - 200
[2026-04-19 19:52:50] [[32mINFO[0m] [ims] [info:106] Shutting down IMS Backend...
[2026-04-19 19:52:51] [[32mINFO[0m] [ims] [info:106] Database connections closed
[2026-04-19 20:04:30] [[32mINFO[0m] [ims] [info:106] Shutting down IMS Backend...
[2026-04-19 20:04:30] [[32mINFO[0m] [ims] [info:106] Database connections closed
[2026-04-19 20:04:30] [[32mINFO[0m] [ims] [info:106] Shutting down IMS Backend...
[2026-04-19 20:04:30] [[32mINFO[0m] [ims] [info:106] Database connections closed
[2026-04-19 20:04:32] [[32mINFO[0m] [ims] [info:106] Shutting down IMS Backend...
[2026-04-19 20:04:33] [[32mINFO[0m] [ims] [info:106] Database connections closed
[2026-04-19 20:04:55] [[32mINFO[0m] [ims] [info:106] Starting IMS Backend...
[2026-04-19 20:04:55] [[32mINFO[0m] [ims] [info:106] Environment: Development
[2026-04-19 20:04:55] [[32mINFO[0m] [ims] [info:106] Starting IMS Backend...
[2026-04-19 20:04:55] [[32mINFO[0m] [ims] [info:106] Environment: Development
[2026-04-19 20:04:57] [[32mINFO[0m] [ims] [info:106] Database initialized successfully
[2026-04-19 20:04:57] [[32mINFO[0m] [ims] [info:106] Database initialized successfully
[2026-04-19 20:04:59] [[32mINFO[0m] [ims] [info:106] Starting IMS Backend...
[2026-04-19 20:04:59] [[32mINFO[0m] [ims] [info:106] Environment: Development
[2026-04-19 20:05:01] [[32mINFO[0m] [ims] [info:106] Database initialized successfully
[2026-04-19 20:09:32] [[32mINFO[0m] [ims] [info:106] Shutting down IMS Backend...
[2026-04-19 20:09:32] [[32mINFO[0m] [ims] [info:106] Database connections closed
[2026-04-19 20:09:54] [[32mINFO[0m] [ims] [info:106] Starting IMS Backend...
[2026-04-19 20:09:54] [[32mINFO[0m] [ims] [info:106] Environment: Development
[2026-04-19 20:09:57] [[32mINFO[0m] [ims] [info:106] Database initialized successfully
[2026-04-21 18:45:59] [[32mINFO[0m] [ims] [info:106] Starting IMS Backend...
[2026-04-21 18:45:59] [[32mINFO[0m] [ims] [info:106] Environment: Development
[2026-04-21 18:46:00] [[32mINFO[0m] [ims] [info:106] Database initialized successfully
[2026-04-21 18:47:01] [[32mINFO[0m] [ims] [info:106] GET /docs
[2026-04-21 18:47:01] [[32mINFO[0m] [ims] [info:106] GET /docs - 200
[2026-04-21 18:47:02] [[32mINFO[0m] [ims] [info:106] GET /openapi.json
[2026-04-21 18:47:02] [[32mINFO[0m] [ims] [info:106] GET /openapi.json - 200
[2026-04-21 18:47:17] [[32mINFO[0m] [ims] [info:106] GET /docs
[2026-04-21 18:47:17] [[32mINFO[0m] [ims] [info:106] GET /docs - 200
[2026-04-21 18:47:17] [[32mINFO[0m] [ims] [info:106] GET /openapi.json
[2026-04-21 18:47:17] [[32mINFO[0m] [ims] [info:106] GET /openapi.json - 200
[2026-04-21 18:50:46] [[32mINFO[0m] [ims] [info:106] Shutting down IMS Backend...
[2026-04-21 18:50:46] [[32mINFO[0m] [ims] [info:106] Database connections closed
[2026-04-21 18:50:56] [[32mINFO[0m] [ims] [info:106] Starting IMS Backend...
[2026-04-21 18:50:56] [[32mINFO[0m] [ims] [info:106] Environment: Development
[2026-04-21 18:50:56] [[32mINFO[0m] [ims] [info:106] Database initialized successfully
[2026-04-21 18:53:56] [[32mINFO[0m] [ims] [info:106] Shutting down IMS Backend...
[2026-04-21 18:53:56] [[32mINFO[0m] [ims] [info:106] Database connections closed
[2026-04-21 18:54:02] [[32mINFO[0m] [ims] [info:106] Starting IMS Backend...
[2026-04-21 18:54:02] [[32mINFO[0m] [ims] [info:106] Environment: Development
[2026-04-21 18:54:02] [[32mINFO[0m] [ims] [info:106] Database initialized successfully
